{
"type": "FeatureCollection",
"name": "la_county_cities_and_neighborhoods",
"crs": { "type": "name", "properties": { "name": "urn:ogc:def:crs:OGC:1.3:CRS84" } },
"features": [
{ "type": "Feature", "properties": { "city": "Arcadia", "leading_firm": "REMAX PREMIER PROP ARCADIA", "volume_firm": 184393109.0, "volume_city": 1512164208.0, "percent_share": "12.19%" }, "geometry": { "type": "Polygon", "coordinates": [ [ [ -118.069195, 34.130892, 0.0 ], [ -118.067888, 34.130726, 0.0 ], [ -118.067354, 34.129788, 0.0 ], [ -118.067333, 34.128102, 0.0 ], [ -118.06729, 34.125355, 0.0 ], [ -118.067698, 34.124204, 0.0 ], [ -118.0671, 34.123274, 0.0 ], [ -118.06132, 34.124102, 0.0 ], [ -118.059848, 34.123622, 0.0 ], [ -118.057064, 34.120357, 0.0 ], [ -118.056576, 34.118337, 0.0 ], [ -118.055863, 34.114768, 0.0 ], [ -118.054696, 34.113993, 0.0 ], [ -118.054209, 34.113694, 0.0 ], [ -118.053033, 34.107768, 0.0 ], [ -118.053552, 34.107565, 0.0 ], [ -118.052778, 34.106888, 0.0 ], [ -118.052244, 34.104202, 0.0 ], [ -118.051534, 34.104304, 0.0 ], [ -118.046198, 34.105088, 0.0 ], [ -118.045445, 34.105199, 0.0 ], [ -118.038938, 34.106152, 0.0 ], [ -118.038009, 34.105285, 0.0 ], [ -118.038125, 34.105777, 0.0 ], [ -118.034795, 34.106669, 0.0 ], [ -118.032748, 34.105938, 0.0 ], [ -118.030768, 34.107182, 0.0 ], [ -118.030496, 34.106384, 0.0 ], [ -118.026199, 34.107286, 0.0 ], [ -118.02456, 34.107348, 0.0 ], [ -118.024538, 34.106934, 0.0 ], [ -118.01986, 34.107614, 0.0 ], [ -118.01847, 34.107904, 0.0 ], [ -118.017985, 34.108551, 0.0 ], [ -118.01732, 34.108649, 0.0 ], [ -118.016615, 34.105271, 0.0 ], [ -118.019225, 34.102788, 0.0 ], [ -118.020269, 34.099349, 0.0 ], [ -118.020236, 34.097864, 0.0 ], [ -118.020125, 34.096528, 0.0 ], [ -118.016386, 34.096728, 0.0 ], [ -118.010283, 34.099565, 0.0 ], [ -118.009566, 34.100946, 0.0 ], [ -118.001097, 34.098072, 0.0 ], [ -118.000304, 34.099687, 0.0 ], [ -117.997474, 34.098609, 0.0 ], [ -117.997651, 34.096895, 0.0 ], [ -118.001599, 34.088173, 0.0 ], [ -117.998926, 34.087265, 0.0 ], [ -117.997504, 34.089639, 0.0 ], [ -117.994413, 34.09322, 0.0 ], [ -117.992226, 34.095053, 0.0 ], [ -117.996639, 34.09655, 0.0 ], [ -117.995093, 34.099719, 0.0 ], [ -118.008054, 34.104109, 0.0 ], [ -118.007342, 34.105566, 0.0 ], [ -118.015551, 34.102902, 0.0 ], [ -118.015761, 34.1042, 0.0 ], [ -118.016054, 34.105572, 0.0 ], [ -118.016754, 34.109338, 0.0 ], [ -118.016823, 34.109327, 0.0 ], [ -118.016036, 34.113722, 0.0 ], [ -118.015665, 34.114353, 0.0 ], [ -118.015446, 34.114727, 0.0 ], [ -118.015236, 34.11567, 0.0 ], [ -118.014877, 34.115673, 0.0 ], [ -118.014442, 34.116406, 0.0 ], [ -118.013979, 34.117185, 0.0 ], [ -118.013077, 34.116937, 0.0 ], [ -118.013091, 34.118678, 0.0 ], [ -118.012106, 34.120335, 0.0 ], [ -118.010998, 34.120003, 0.0 ], [ -118.008595, 34.119129, 0.0 ], [ -118.008578, 34.122037, 0.0 ], [ -118.008575, 34.124907, 0.0 ], [ -118.008575, 34.124994, 0.0 ], [ -118.008784, 34.124992, 0.0 ], [ -118.008781, 34.125879, 0.0 ], [ -118.006732, 34.129339, 0.0 ], [ -118.007237, 34.130323, 0.0 ], [ -118.009413, 34.130297, 0.0 ], [ -118.012569, 34.130265, 0.0 ], [ -118.013907, 34.130247, 0.0 ], [ -118.020009, 34.130164, 0.0 ], [ -118.020019, 34.130619, 0.0 ], [ -118.02032, 34.130905, 0.0 ], [ -118.020326, 34.131099, 0.0 ], [ -118.02045, 34.137808, 0.0 ], [ -118.02054, 34.142901, 0.0 ], [ -118.020596, 34.145649, 0.0 ], [ -118.0207, 34.150907, 0.0 ], [ -118.021009, 34.151108, 0.0 ], [ -118.02123, 34.154535, 0.0 ], [ -118.021269, 34.154661, 0.0 ], [ -118.0213, 34.154762, 0.0 ], [ -118.021883, 34.154753, 0.0 ], [ -118.021906, 34.157053, 0.0 ], [ -118.021278, 34.157082, 0.0 ], [ -118.021288, 34.157934, 0.0 ], [ -118.020652, 34.157462, 0.0 ], [ -118.020387, 34.157654, 0.0 ], [ -118.021263, 34.158552, 0.0 ], [ -118.021106, 34.159054, 0.0 ], [ -118.021314, 34.159805, 0.0 ], [ -118.021375, 34.173328, 0.0 ], [ -118.019632, 34.175395, 0.0 ], [ -118.016372, 34.176686, 0.0 ], [ -118.017593, 34.179453, 0.0 ], [ -118.02137, 34.179439, 0.0 ], [ -118.030139, 34.179402, 0.0 ], [ -118.030412, 34.171097, 0.0 ], [ -118.030007, 34.170772, 0.0 ], [ -118.029668, 34.166854, 0.0 ], [ -118.031939, 34.16693, 0.0 ], [ -118.033148, 34.166921, 0.0 ], [ -118.038473, 34.166881, 0.0 ], [ -118.038412, 34.157259, 0.0 ], [ -118.041041, 34.157225, 0.0 ], [ -118.052977, 34.157066, 0.0 ], [ -118.056547, 34.157016, 0.0 ], [ -118.064659, 34.156882, 0.0 ], [ -118.067958, 34.156821, 0.0 ], [ -118.067824, 34.150287, 0.0 ], [ -118.067785, 34.148903, 0.0 ], [ -118.06777, 34.147922, 0.0 ], [ -118.067671, 34.143833, 0.0 ], [ -118.067612, 34.140813, 0.0 ], [ -118.067496, 34.134372, 0.0 ], [ -118.067468, 34.131509, 0.0 ], [ -118.069195, 34.130892, 0.0 ] ] ] } },
{ "type": "Feature", "properties": { "city": "Beverly Hills", "leading_firm": "COMPASS", "volume_firm": 869406944.0, "volume_city": 5282874261.0, "percent_share": "16.46%" }, "geometry": { "type": "Polygon", "coordinates": [ [ [ -118.427041, 34.090631, 0.0 ], [ -118.427031, 34.089684, 0.0 ], [ -118.426968, 34.083614, 0.0 ], [ -118.426962, 34.083044, 0.0 ], [ -118.424358, 34.083109, 0.0 ], [ -118.422778, 34.083093, 0.0 ], [ -118.422863, 34.079933, 0.0 ], [ -118.423606, 34.079251, 0.0 ], [ -118.423049, 34.077242, 0.0 ], [ -118.42286, 34.076898, 0.0 ], [ -118.423289, 34.075689, 0.0 ], [ -118.422546, 34.075273, 0.0 ], [ -118.421839, 34.075093, 0.0 ], [ -118.420928, 34.075428, 0.0 ], [ -118.419642, 34.072652, 0.0 ], [ -118.418462, 34.072361, 0.0 ], [ -118.416392, 34.068866, 0.0 ], [ -118.416319, 34.067079, 0.0 ], [ -118.414344, 34.064324, 0.0 ], [ -118.413664, 34.0634, 0.0 ], [ -118.412204, 34.060101, 0.0 ], [ -118.411551, 34.060425, 0.0 ], [ -118.410696, 34.059177, 0.0 ], [ -118.406323, 34.053081, 0.0 ], [ -118.406106, 34.052781, 0.0 ], [ -118.405725, 34.053294, 0.0 ], [ -118.405285, 34.054402, 0.0 ], [ -118.40591, 34.055624, 0.0 ], [ -118.405925, 34.055668, 0.0 ], [ -118.405922, 34.057104, 0.0 ], [ -118.405658, 34.057104, 0.0 ], [ -118.403993, 34.057101, 0.0 ], [ -118.403455, 34.057023, 0.0 ], [ -118.402463, 34.057099, 0.0 ], [ -118.40227, 34.056886, 0.0 ], [ -118.39908, 34.057096, 0.0 ], [ -118.39908, 34.057035, 0.0 ], [ -118.396675, 34.057092, 0.0 ], [ -118.393862, 34.057089, 0.0 ], [ -118.391796, 34.057087, 0.0 ], [ -118.389853, 34.057085, 0.0 ], [ -118.387783, 34.057091, 0.0 ], [ -118.383666, 34.057099, 0.0 ], [ -118.383615, 34.059366, 0.0 ], [ -118.383534, 34.062937, 0.0 ], [ -118.3803, 34.062946, 0.0 ], [ -118.37733, 34.062954, 0.0 ], [ -118.377268, 34.059522, 0.0 ], [ -118.376164, 34.0596, 0.0 ], [ -118.372244, 34.0622, 0.0 ], [ -118.372258, 34.064245, 0.0 ], [ -118.375755, 34.070097, 0.0 ], [ -118.376182, 34.069336, 0.0 ], [ -118.382669, 34.069688, 0.0 ], [ -118.383728, 34.069684, 0.0 ], [ -118.383764, 34.072122, 0.0 ], [ -118.386744, 34.072083, 0.0 ], [ -118.389701, 34.072078, 0.0 ], [ -118.390704, 34.072083, 0.0 ], [ -118.390709, 34.07356, 0.0 ], [ -118.39034, 34.076502, 0.0 ], [ -118.389733, 34.07649, 0.0 ], [ -118.389727, 34.080881, 0.0 ], [ -118.389745, 34.081164, 0.0 ], [ -118.389762, 34.084872, 0.0 ], [ -118.389763, 34.087282, 0.0 ], [ -118.389755, 34.088495, 0.0 ], [ -118.395846, 34.090586, 0.0 ], [ -118.395844, 34.091055, 0.0 ], [ -118.395853, 34.09435, 0.0 ], [ -118.395914, 34.095013, 0.0 ], [ -118.396031, 34.095013, 0.0 ], [ -118.396112, 34.095066, 0.0 ], [ -118.396154, 34.095163, 0.0 ], [ -118.396449, 34.095065, 0.0 ], [ -118.396504, 34.095066, 0.0 ], [ -118.396506, 34.096182, 0.0 ], [ -118.395412, 34.096173, 0.0 ], [ -118.392557, 34.098499, 0.0 ], [ -118.392084, 34.099054, 0.0 ], [ -118.3921, 34.10608, 0.0 ], [ -118.392381, 34.106313, 0.0 ], [ -118.391315, 34.107417, 0.0 ], [ -118.390574, 34.109203, 0.0 ], [ -118.391583, 34.112426, 0.0 ], [ -118.396584, 34.112414, 0.0 ], [ -118.399203, 34.111487, 0.0 ], [ -118.400073, 34.110935, 0.0 ], [ -118.398672, 34.108752, 0.0 ], [ -118.401038, 34.108744, 0.0 ], [ -118.400888, 34.093994, 0.0 ], [ -118.403122, 34.094304, 0.0 ], [ -118.40532, 34.0963, 0.0 ], [ -118.40541, 34.101461, 0.0 ], [ -118.408694, 34.101508, 0.0 ], [ -118.408641, 34.097147, 0.0 ], [ -118.409626, 34.094704, 0.0 ], [ -118.411883, 34.092244, 0.0 ], [ -118.411969, 34.092479, 0.0 ], [ -118.412348, 34.092734, 0.0 ], [ -118.412695, 34.093, 0.0 ], [ -118.413077, 34.093415, 0.0 ], [ -118.413831, 34.094096, 0.0 ], [ -118.413934, 34.094268, 0.0 ], [ -118.420426, 34.094266, 0.0 ], [ -118.422294, 34.094273, 0.0 ], [ -118.422972, 34.090642, 0.0 ], [ -118.423075, 34.090562, 0.0 ], [ -118.423592, 34.090505, 0.0 ], [ -118.423738, 34.090399, 0.0 ], [ -118.423979, 34.090462, 0.0 ], [ -118.424098, 34.090449, 0.0 ], [ -118.424145, 34.090639, 0.0 ], [ -118.427041, 34.090631, 0.0 ] ] ] } },
{ "type": "Feature", "properties": { "city": "Burbank", "leading_firm": "COMPASS", "volume_firm": 153339210.0, "volume_city": 1186056816.0, "percent_share": "12.93%" }, "geometry": { "type": "MultiPolygon", "coordinates": [ [ [ [ -121.934801, 37.32532, 0.0 ], [ -121.934476, 37.323372, 0.0 ], [ -121.931949, 37.323383, 0.0 ], [ -121.929869, 37.323401, 0.0 ], [ -121.92936, 37.324261, 0.0 ], [ -121.926774, 37.323899, 0.0 ], [ -121.926772, 37.323415, 0.0 ], [ -121.925855, 37.32342, 0.0 ], [ -121.925866, 37.324103, 0.0 ], [ -121.925876, 37.325096, 0.0 ], [ -121.926791, 37.325325, 0.0 ], [ -121.926809, 37.326876, 0.0 ], [ -121.931987, 37.326913, 0.0 ], [ -121.931973, 37.325923, 0.0 ], [ -121.931963, 37.325347, 0.0 ], [ -121.934801, 37.32532, 0.0 ] ] ], [ [ [ -121.939703, 37.321972, 0.0 ], [ -121.938646, 37.31838, 0.0 ], [ -121.932431, 37.31762, 0.0 ], [ -121.931853, 37.317829, 0.0 ], [ -121.931844, 37.317154, 0.0 ], [ -121.931841, 37.316949, 0.0 ], [ -121.931838, 37.316523, 0.0 ], [ -121.931837, 37.316177, 0.0 ], [ -121.925425, 37.316369, 0.0 ], [ -121.925425, 37.316718, 0.0 ], [ -121.925425, 37.316902, 0.0 ], [ -121.925425, 37.319646, 0.0 ], [ -121.922727, 37.319661, 0.0 ], [ -121.922181, 37.319667, 0.0 ], [ -121.922757, 37.322917, 0.0 ], [ -121.922757, 37.323032, 0.0 ], [ -121.931904, 37.322817, 0.0 ], [ -121.931886, 37.322107, 0.0 ], [ -121.933418, 37.322975, 0.0 ], [ -121.93825, 37.322921, 0.0 ], [ -121.939703, 37.321972, 0.0 ] ] ] ] } },
{ "type": "Feature", "properties": { "city": "Burbank", "leading_firm": "COMPASS", "volume_firm": 153339210.0, "volume_city": 1186056816.0, "percent_share": "12.93%" }, "geometry": { "type": "Polygon", "coordinates": [ [ [ -118.370312, 34.201197, 0.0 ], [ -118.370313, 34.196379, 0.0 ], [ -118.361116, 34.194385, 0.0 ], [ -118.360003, 34.186593, 0.0 ], [ -118.359744, 34.18488, 0.0 ], [ -118.359404, 34.183063, 0.0 ], [ -118.359127, 34.181224, 0.0 ], [ -118.358856, 34.179429, 0.0 ], [ -118.358578, 34.177583, 0.0 ], [ -118.357758, 34.172162, 0.0 ], [ -118.356357, 34.168889, 0.0 ], [ -118.356308, 34.168775, 0.0 ], [ -118.356075, 34.168068, 0.0 ], [ -118.354861, 34.165231, 0.0 ], [ -118.357158, 34.164908, 0.0 ], [ -118.357151, 34.161287, 0.0 ], [ -118.353103, 34.161289, 0.0 ], [ -118.352138, 34.159033, 0.0 ], [ -118.351812, 34.158271, 0.0 ], [ -118.351554, 34.157668, 0.0 ], [ -118.34974, 34.153432, 0.0 ], [ -118.348067, 34.149523, 0.0 ], [ -118.345119, 34.142636, 0.0 ], [ -118.342313, 34.144811, 0.0 ], [ -118.340901, 34.145455, 0.0 ], [ -118.338804, 34.145228, 0.0 ], [ -118.332571, 34.147831, 0.0 ], [ -118.331028, 34.148318, 0.0 ], [ -118.325341, 34.153514, 0.0 ], [ -118.32211, 34.155727, 0.0 ], [ -118.319962, 34.156011, 0.0 ], [ -118.317677, 34.156313, 0.0 ], [ -118.315818, 34.154453, 0.0 ], [ -118.312906, 34.153993, 0.0 ], [ -118.31027, 34.160797, 0.0 ], [ -118.308728, 34.161439, 0.0 ], [ -118.307812, 34.16114, 0.0 ], [ -118.304506, 34.164291, 0.0 ], [ -118.300766, 34.167839, 0.0 ], [ -118.296874, 34.171532, 0.0 ], [ -118.29933, 34.173306, 0.0 ], [ -118.296516, 34.17598, 0.0 ], [ -118.297791, 34.177145, 0.0 ], [ -118.295403, 34.179411, 0.0 ], [ -118.292981, 34.18171, 0.0 ], [ -118.291655, 34.182968, 0.0 ], [ -118.290529, 34.184023, 0.0 ], [ -118.290627, 34.184096, 0.0 ], [ -118.289999, 34.184737, 0.0 ], [ -118.288272, 34.187154, 0.0 ], [ -118.287811, 34.187661, 0.0 ], [ -118.283498, 34.18585, 0.0 ], [ -118.279981, 34.190696, 0.0 ], [ -118.280093, 34.207113, 0.0 ], [ -118.280095, 34.207461, 0.0 ], [ -118.289523, 34.217976, 0.0 ], [ -118.292761, 34.221654, 0.0 ], [ -118.328899, 34.221378, 0.0 ], [ -118.337462, 34.221312, 0.0 ], [ -118.335599, 34.217674, 0.0 ], [ -118.334546, 34.215618, 0.0 ], [ -118.339567, 34.211301, 0.0 ], [ -118.33993, 34.206503, 0.0 ], [ -118.341347, 34.206527, 0.0 ], [ -118.343007, 34.206557, 0.0 ], [ -118.34971, 34.206662, 0.0 ], [ -118.350369, 34.206672, 0.0 ], [ -118.362987, 34.206818, 0.0 ], [ -118.362686, 34.204826, 0.0 ], [ -118.362171, 34.201419, 0.0 ], [ -118.365812, 34.201196, 0.0 ], [ -118.370312, 34.201197, 0.0 ] ] ] } },
{ "type": "Feature", "properties": { "city": "Calabasas", "leading_firm": "COMPASS", "volume_firm": 131813000.0, "volume_city": 1118209716.0, "percent_share": "11.79%" }, "geometry": { "type": "Polygon", "coordinates": [ [ [ -118.719809, 34.136279, 0.0 ], [ -118.719812, 34.132608, 0.0 ], [ -118.715464, 34.132626, 0.0 ], [ -118.715472, 34.12899, 0.0 ], [ -118.71979, 34.128972, 0.0 ], [ -118.719776, 34.125342, 0.0 ], [ -118.706158, 34.125432, 0.0 ], [ -118.708409, 34.117522, 0.0 ], [ -118.711318, 34.1098, 0.0 ], [ -118.71138, 34.106817, 0.0 ], [ -118.711773, 34.105089, 0.0 ], [ -118.711343, 34.103912, 0.0 ], [ -118.711069, 34.107185, 0.0 ], [ -118.706725, 34.107178, 0.0 ], [ -118.706713, 34.114474, 0.0 ], [ -118.689346, 34.114434, 0.0 ], [ -118.689372, 34.118121, 0.0 ], [ -118.677261, 34.118097, 0.0 ], [ -118.660172, 34.118103, 0.0 ], [ -118.650247, 34.118098, 0.0 ], [ -118.650198, 34.121873, 0.0 ], [ -118.650135, 34.125342, 0.0 ], [ -118.650061, 34.12907, 0.0 ], [ -118.644955, 34.129054, 0.0 ], [ -118.644923, 34.12532, 0.0 ], [ -118.634732, 34.125343, 0.0 ], [ -118.624762, 34.125399, 0.0 ], [ -118.615016, 34.125355, 0.0 ], [ -118.613202, 34.125345, 0.0 ], [ -118.610629, 34.12533, 0.0 ], [ -118.610609, 34.129022, 0.0 ], [ -118.606245, 34.129001, 0.0 ], [ -118.606234, 34.132686, 0.0 ], [ -118.606223, 34.136421, 0.0 ], [ -118.6062, 34.140091, 0.0 ], [ -118.612661, 34.14005, 0.0 ], [ -118.614973, 34.141596, 0.0 ], [ -118.614973, 34.143065, 0.0 ], [ -118.614294, 34.143658, 0.0 ], [ -118.61058, 34.143654, 0.0 ], [ -118.610575, 34.145688, 0.0 ], [ -118.610572, 34.147248, 0.0 ], [ -118.609648, 34.14724, 0.0 ], [ -118.612246, 34.148229, 0.0 ], [ -118.614978, 34.149267, 0.0 ], [ -118.614971, 34.147277, 0.0 ], [ -118.628992, 34.147273, 0.0 ], [ -118.629939, 34.149864, 0.0 ], [ -118.63125, 34.151087, 0.0 ], [ -118.632107, 34.150559, 0.0 ], [ -118.638483, 34.157597, 0.0 ], [ -118.638536, 34.157655, 0.0 ], [ -118.638775, 34.157543, 0.0 ], [ -118.641273, 34.156718, 0.0 ], [ -118.64127, 34.157924, 0.0 ], [ -118.641269, 34.158136, 0.0 ], [ -118.643255, 34.157302, 0.0 ], [ -118.652117, 34.153406, 0.0 ], [ -118.654273, 34.15259, 0.0 ], [ -118.662545, 34.150187, 0.0 ], [ -118.664821, 34.14968, 0.0 ], [ -118.671773, 34.149201, 0.0 ], [ -118.674044, 34.149411, 0.0 ], [ -118.678518, 34.150938, 0.0 ], [ -118.683545, 34.151161, 0.0 ], [ -118.68767, 34.150462, 0.0 ], [ -118.693827, 34.15118, 0.0 ], [ -118.693861, 34.15956, 0.0 ], [ -118.693364, 34.163676, 0.0 ], [ -118.693834, 34.168557, 0.0 ], [ -118.703392, 34.168591, 0.0 ], [ -118.711994, 34.168619, 0.0 ], [ -118.716924, 34.168286, 0.0 ], [ -118.717587, 34.166263, 0.0 ], [ -118.718141, 34.162231, 0.0 ], [ -118.716944, 34.160093, 0.0 ], [ -118.717884, 34.158214, 0.0 ], [ -118.715518, 34.158073, 0.0 ], [ -118.708497, 34.154978, 0.0 ], [ -118.706479, 34.154546, 0.0 ], [ -118.702519, 34.154554, 0.0 ], [ -118.702491, 34.153127, 0.0 ], [ -118.697405, 34.153172, 0.0 ], [ -118.697214, 34.152153, 0.0 ], [ -118.697852, 34.148664, 0.0 ], [ -118.697786, 34.148385, 0.0 ], [ -118.700507, 34.145691, 0.0 ], [ -118.703727, 34.143704, 0.0 ], [ -118.702381, 34.14275, 0.0 ], [ -118.703541, 34.141572, 0.0 ], [ -118.704601, 34.140853, 0.0 ], [ -118.706806, 34.140005, 0.0 ], [ -118.706822, 34.141975, 0.0 ], [ -118.710329, 34.140626, 0.0 ], [ -118.710448, 34.144108, 0.0 ], [ -118.711149, 34.147251, 0.0 ], [ -118.715012, 34.147263, 0.0 ], [ -118.715951, 34.1464, 0.0 ], [ -118.716135, 34.139946, 0.0 ], [ -118.719805, 34.139964, 0.0 ], [ -118.718182, 34.139092, 0.0 ], [ -118.71548, 34.138926, 0.0 ], [ -118.71666, 34.138522, 0.0 ], [ -118.715479, 34.138177, 0.0 ], [ -118.715469, 34.136282, 0.0 ], [ -118.719809, 34.136279, 0.0 ] ] ] } },
{ "type": "Feature", "properties": { "city": "Glendale", "leading_firm": "COMPASS", "volume_firm": 180034690.0, "volume_city": 1387214034.0, "percent_share": "12.98%" }, "geometry": { "type": "Polygon", "coordinates": [ [ [ -118.304506, 34.164291, 0.0 ], [ -118.307812, 34.16114, 0.0 ], [ -118.304335, 34.15884, 0.0 ], [ -118.30282, 34.158589, 0.0 ], [ -118.29883, 34.157683, 0.0 ], [ -118.295602, 34.158798, 0.0 ], [ -118.29154, 34.155777, 0.0 ], [ -118.289403, 34.155751, 0.0 ], [ -118.282777, 34.156806, 0.0 ], [ -118.280496, 34.156333, 0.0 ], [ -118.278983, 34.153203, 0.0 ], [ -118.278337, 34.153205, 0.0 ], [ -118.277683, 34.153207, 0.0 ], [ -118.276007, 34.153165, 0.0 ], [ -118.275562, 34.153166, 0.0 ], [ -118.27373, 34.149613, 0.0 ], [ -118.272265, 34.146764, 0.0 ], [ -118.269808, 34.141988, 0.0 ], [ -118.268105, 34.138679, 0.0 ], [ -118.267291, 34.137095, 0.0 ], [ -118.265401, 34.133421, 0.0 ], [ -118.261873, 34.126937, 0.0 ], [ -118.259989, 34.124368, 0.0 ], [ -118.257294, 34.121447, 0.0 ], [ -118.254258, 34.118761, 0.0 ], [ -118.254135, 34.11886, 0.0 ], [ -118.251133, 34.120947, 0.0 ], [ -118.253306, 34.124322, 0.0 ], [ -118.253265, 34.124449, 0.0 ], [ -118.238785, 34.126233, 0.0 ], [ -118.236057, 34.126607, 0.0 ], [ -118.235238, 34.12672, 0.0 ], [ -118.236019, 34.12883, 0.0 ], [ -118.236387, 34.134002, 0.0 ], [ -118.235687, 34.134496, 0.0 ], [ -118.233605, 34.13451, 0.0 ], [ -118.233598, 34.1356, 0.0 ], [ -118.230022, 34.135601, 0.0 ], [ -118.22929, 34.1356, 0.0 ], [ -118.227916, 34.135601, 0.0 ], [ -118.227877, 34.138084, 0.0 ], [ -118.229149, 34.138079, 0.0 ], [ -118.228787, 34.140252, 0.0 ], [ -118.228776, 34.142768, 0.0 ], [ -118.228774, 34.146032, 0.0 ], [ -118.228577, 34.145881, 0.0 ], [ -118.228237, 34.146447, 0.0 ], [ -118.228683, 34.146735, 0.0 ], [ -118.228602, 34.146886, 0.0 ], [ -118.228084, 34.146721, 0.0 ], [ -118.227788, 34.147197, 0.0 ], [ -118.226231, 34.149789, 0.0 ], [ -118.225339, 34.149486, 0.0 ], [ -118.222455, 34.149254, 0.0 ], [ -118.219179, 34.147514, 0.0 ], [ -118.211614, 34.147176, 0.0 ], [ -118.210972, 34.14622, 0.0 ], [ -118.20944, 34.146419, 0.0 ], [ -118.207723, 34.147247, 0.0 ], [ -118.205432, 34.147431, 0.0 ], [ -118.202701, 34.150633, 0.0 ], [ -118.198191, 34.151626, 0.0 ], [ -118.198195, 34.149045, 0.0 ], [ -118.183787, 34.14908, 0.0 ], [ -118.181835, 34.149063, 0.0 ], [ -118.184157, 34.159732, 0.0 ], [ -118.184776, 34.159768, 0.0 ], [ -118.185836, 34.163528, 0.0 ], [ -118.188584, 34.165696, 0.0 ], [ -118.187906, 34.166724, 0.0 ], [ -118.189764, 34.169094, 0.0 ], [ -118.190811, 34.172051, 0.0 ], [ -118.19097, 34.173204, 0.0 ], [ -118.18916, 34.177255, 0.0 ], [ -118.188881, 34.177876, 0.0 ], [ -118.189179, 34.17822, 0.0 ], [ -118.189294, 34.178345, 0.0 ], [ -118.188922, 34.178564, 0.0 ], [ -118.189096, 34.178656, 0.0 ], [ -118.189525, 34.179077, 0.0 ], [ -118.189916, 34.179252, 0.0 ], [ -118.190042, 34.179192, 0.0 ], [ -118.190823, 34.18008, 0.0 ], [ -118.191729, 34.180272, 0.0 ], [ -118.192242, 34.180217, 0.0 ], [ -118.19236, 34.18045, 0.0 ], [ -118.195784, 34.179988, 0.0 ], [ -118.196438, 34.179894, 0.0 ], [ -118.201791, 34.183714, 0.0 ], [ -118.205818, 34.186906, 0.0 ], [ -118.205994, 34.186964, 0.0 ], [ -118.208103, 34.187572, 0.0 ], [ -118.208085, 34.190656, 0.0 ], [ -118.212321, 34.192872, 0.0 ], [ -118.212643, 34.195061, 0.0 ], [ -118.216723, 34.197785, 0.0 ], [ -118.21768, 34.202547, 0.0 ], [ -118.215007, 34.203536, 0.0 ], [ -118.215068, 34.20638, 0.0 ], [ -118.21658, 34.205711, 0.0 ], [ -118.218014, 34.205595, 0.0 ], [ -118.220268, 34.20503, 0.0 ], [ -118.222092, 34.206178, 0.0 ], [ -118.222109, 34.205682, 0.0 ], [ -118.224899, 34.205705, 0.0 ], [ -118.225616, 34.206429, 0.0 ], [ -118.227608, 34.205981, 0.0 ], [ -118.233154, 34.20783, 0.0 ], [ -118.235237, 34.209136, 0.0 ], [ -118.235227, 34.20974, 0.0 ], [ -118.2352, 34.213031, 0.0 ], [ -118.237669, 34.214563, 0.0 ], [ -118.239959, 34.21768, 0.0 ], [ -118.239956, 34.21679, 0.0 ], [ -118.243467, 34.219069, 0.0 ], [ -118.244352, 34.218706, 0.0 ], [ -118.244326, 34.220249, 0.0 ], [ -118.248753, 34.222241, 0.0 ], [ -118.248743, 34.222976, 0.0 ], [ -118.248637, 34.229566, 0.0 ], [ -118.248603, 34.238473, 0.0 ], [ -118.248595, 34.238807, 0.0 ], [ -118.248545, 34.24385, 0.0 ], [ -118.247685, 34.243791, 0.0 ], [ -118.24528, 34.246372, 0.0 ], [ -118.243372, 34.252306, 0.0 ], [ -118.238808, 34.25226, 0.0 ], [ -118.238487, 34.26709, 0.0 ], [ -118.25669, 34.26719, 0.0 ], [ -118.2565, 34.252266, 0.0 ], [ -118.265264, 34.25238, 0.0 ], [ -118.265295, 34.250402, 0.0 ], [ -118.266672, 34.250779, 0.0 ], [ -118.265999, 34.243892, 0.0 ], [ -118.266024, 34.240356, 0.0 ], [ -118.266733, 34.240796, 0.0 ], [ -118.266773, 34.235319, 0.0 ], [ -118.266775, 34.234988, 0.0 ], [ -118.266781, 34.234236, 0.0 ], [ -118.266784, 34.233889, 0.0 ], [ -118.266803, 34.231235, 0.0 ], [ -118.266807, 34.230677, 0.0 ], [ -118.266871, 34.221846, 0.0 ], [ -118.292761, 34.221654, 0.0 ], [ -118.289523, 34.217976, 0.0 ], [ -118.280095, 34.207461, 0.0 ], [ -118.280093, 34.207113, 0.0 ], [ -118.279981, 34.190696, 0.0 ], [ -118.283498, 34.18585, 0.0 ], [ -118.287811, 34.187661, 0.0 ], [ -118.288272, 34.187154, 0.0 ], [ -118.289999, 34.184737, 0.0 ], [ -118.290627, 34.184096, 0.0 ], [ -118.290529, 34.184023, 0.0 ], [ -118.291655, 34.182968, 0.0 ], [ -118.292981, 34.18171, 0.0 ], [ -118.295403, 34.179411, 0.0 ], [ -118.297791, 34.177145, 0.0 ], [ -118.296516, 34.17598, 0.0 ], [ -118.29933, 34.173306, 0.0 ], [ -118.296874, 34.171532, 0.0 ], [ -118.300766, 34.167839, 0.0 ], [ -118.304506, 34.164291, 0.0 ] ] ] } },
{ "type": "Feature", "properties": { "city": "Hermosa Beach", "leading_firm": "VISTA SOTHEBY'S INTERNATIONAL REALTY", "volume_firm": 217050000.0, "volume_city": 959503298.0, "percent_share": "22.62%" }, "geometry": { "type": "Polygon", "coordinates": [ [ [ -118.407192, 33.877747, 0.0 ], [ -118.408855163507994, 33.877228647252799, 0.0 ], [ -118.402144772200998, 33.8618266911608, 0.0 ], [ -118.399228, 33.855132, 0.0 ], [ -118.399400773018002, 33.851911951475003, 0.0 ], [ -118.397872, 33.852393, 0.0 ], [ -118.3974, 33.852504, 0.0 ], [ -118.395608, 33.853068, 0.0 ], [ -118.393272, 33.853861, 0.0 ], [ -118.390308, 33.854854, 0.0 ], [ -118.384853, 33.85663, 0.0 ], [ -118.385276, 33.861392, 0.0 ], [ -118.385866, 33.864406, 0.0 ], [ -118.386581, 33.8655, 0.0 ], [ -118.389531, 33.869982, 0.0 ], [ -118.391371, 33.872812, 0.0 ], [ -118.395522, 33.872831, 0.0 ], [ -118.396025, 33.872897, 0.0 ], [ -118.395963, 33.877101, 0.0 ], [ -118.401784, 33.877102, 0.0 ], [ -118.401987, 33.877102, 0.0 ], [ -118.40276, 33.877046, 0.0 ], [ -118.404539, 33.877146, 0.0 ], [ -118.407192, 33.877747, 0.0 ] ] ] } },
{ "type": "Feature", "properties": { "city": "La Cañada Flintridge", "leading_firm": "COMPASS", "volume_firm": 212150185.0, "volume_city": 916421243.0, "percent_share": "23.15%" }, "geometry": { "type": "Polygon", "coordinates": [ [ [ -118.231247, 34.218904, 0.0 ], [ -118.231873, 34.218208, 0.0 ], [ -118.230765, 34.217227, 0.0 ], [ -118.22692, 34.216502, 0.0 ], [ -118.226371, 34.214203, 0.0 ], [ -118.222004, 34.212904, 0.0 ], [ -118.222051, 34.209221, 0.0 ], [ -118.222092, 34.206178, 0.0 ], [ -118.220268, 34.20503, 0.0 ], [ -118.218014, 34.205595, 0.0 ], [ -118.21658, 34.205711, 0.0 ], [ -118.215068, 34.20638, 0.0 ], [ -118.215007, 34.203536, 0.0 ], [ -118.21768, 34.202547, 0.0 ], [ -118.216723, 34.197785, 0.0 ], [ -118.212643, 34.195061, 0.0 ], [ -118.212321, 34.192872, 0.0 ], [ -118.208085, 34.190656, 0.0 ], [ -118.208103, 34.187572, 0.0 ], [ -118.205994, 34.186964, 0.0 ], [ -118.205818, 34.186906, 0.0 ], [ -118.201791, 34.183714, 0.0 ], [ -118.196438, 34.179894, 0.0 ], [ -118.195784, 34.179988, 0.0 ], [ -118.19236, 34.18045, 0.0 ], [ -118.192242, 34.180217, 0.0 ], [ -118.191729, 34.180272, 0.0 ], [ -118.190823, 34.18008, 0.0 ], [ -118.190042, 34.179192, 0.0 ], [ -118.189916, 34.179252, 0.0 ], [ -118.189525, 34.179077, 0.0 ], [ -118.189096, 34.178656, 0.0 ], [ -118.188922, 34.178564, 0.0 ], [ -118.189294, 34.178345, 0.0 ], [ -118.189179, 34.17822, 0.0 ], [ -118.188881, 34.177876, 0.0 ], [ -118.187426, 34.179229, 0.0 ], [ -118.186292, 34.179436, 0.0 ], [ -118.183093, 34.180103, 0.0 ], [ -118.181622, 34.179703, 0.0 ], [ -118.180117, 34.180647, 0.0 ], [ -118.17423, 34.182753, 0.0 ], [ -118.175595, 34.185119, 0.0 ], [ -118.176072, 34.185698, 0.0 ], [ -118.177444, 34.18529, 0.0 ], [ -118.181252, 34.186664, 0.0 ], [ -118.180335, 34.188048, 0.0 ], [ -118.179333, 34.187678, 0.0 ], [ -118.179047, 34.187267, 0.0 ], [ -118.178774, 34.187218, 0.0 ], [ -118.178892, 34.187648, 0.0 ], [ -118.178847, 34.188241, 0.0 ], [ -118.178391, 34.189218, 0.0 ], [ -118.178334, 34.194363, 0.0 ], [ -118.177531, 34.194114, 0.0 ], [ -118.175043, 34.198441, 0.0 ], [ -118.173121, 34.198446, 0.0 ], [ -118.173679, 34.197016, 0.0 ], [ -118.172088, 34.197018, 0.0 ], [ -118.170574, 34.199218, 0.0 ], [ -118.168028, 34.201111, 0.0 ], [ -118.167419, 34.202278, 0.0 ], [ -118.167644, 34.204414, 0.0 ], [ -118.170238, 34.204482, 0.0 ], [ -118.172398, 34.206108, 0.0 ], [ -118.174737, 34.206526, 0.0 ], [ -118.175709, 34.207686, 0.0 ], [ -118.17648, 34.209331, 0.0 ], [ -118.176102, 34.210881, 0.0 ], [ -118.174596, 34.21121, 0.0 ], [ -118.177596, 34.212071, 0.0 ], [ -118.177675, 34.214162, 0.0 ], [ -118.17984, 34.215328, 0.0 ], [ -118.181426, 34.215349, 0.0 ], [ -118.184059, 34.216112, 0.0 ], [ -118.183731, 34.218418, 0.0 ], [ -118.182602, 34.21887, 0.0 ], [ -118.181111, 34.218177, 0.0 ], [ -118.181857, 34.22018, 0.0 ], [ -118.184816, 34.221005, 0.0 ], [ -118.184804, 34.222622, 0.0 ], [ -118.18887, 34.222654, 0.0 ], [ -118.191425, 34.22655, 0.0 ], [ -118.190021, 34.231117, 0.0 ], [ -118.194766, 34.23338, 0.0 ], [ -118.195953, 34.233319, 0.0 ], [ -118.198208, 34.236789, 0.0 ], [ -118.204195, 34.237235, 0.0 ], [ -118.207387, 34.237264, 0.0 ], [ -118.217416, 34.237456, 0.0 ], [ -118.217519, 34.233857, 0.0 ], [ -118.221868, 34.233943, 0.0 ], [ -118.22185, 34.237559, 0.0 ], [ -118.221679, 34.242733, 0.0 ], [ -118.223837, 34.241742, 0.0 ], [ -118.22473, 34.237579, 0.0 ], [ -118.227393, 34.232568, 0.0 ], [ -118.226617, 34.229107, 0.0 ], [ -118.227075, 34.228745, 0.0 ], [ -118.227701, 34.228414, 0.0 ], [ -118.226906, 34.224768, 0.0 ], [ -118.229084, 34.221091, 0.0 ], [ -118.231247, 34.218904, 0.0 ] ] ] } },
{ "type": "Feature", "properties": { "city": "Long Beach", "leading_firm": "COMPASS", "volume_firm": 259229308.0, "volume_city": 2219884518.0, "percent_share": "11.68%" }, "geometry": { "type": "Polygon", "coordinates": [ [ [ -118.248966, 33.755902, 0.0 ], [ -118.243349569919999, 33.742515877138601, 0.0 ], [ -118.24277, 33.743355, 0.0 ], [ -118.230947, 33.740559, 0.0 ], [ -118.214781, 33.745416, 0.0 ], [ -118.195773, 33.732917, 0.0 ], [ -118.185726, 33.73296, 0.0 ], [ -118.185295, 33.735956, 0.0 ], [ -118.190218, 33.749506, 0.0 ], [ -118.188467, 33.751435, 0.0 ], [ -118.190106944926001, 33.752757876134801, 0.0 ], [ -118.190179, 33.752816, 0.0 ], [ -118.190484, 33.755814, 0.0 ], [ -118.186695, 33.756618, 0.0 ], [ -118.182121, 33.758615, 0.0 ], [ -118.180337, 33.758779, 0.0 ], [ -118.180239, 33.759475, 0.0 ], [ -118.182677, 33.7627, 0.0 ], [ -118.182657962823995, 33.7627238878, 0.0 ], [ -118.180801, 33.765054, 0.0 ], [ -118.179273033279998, 33.764857065976997, 0.0 ], [ -118.175912559489007, 33.764423946843102, 0.0 ], [ -118.175703272003005, 33.764396972547203, 0.0 ], [ -118.173917012073005, 33.764166748060397, 0.0 ], [ -118.170349091337002, 33.763706891851001, 0.0 ], [ -118.168643, 33.763487, 0.0 ], [ -118.166510327254997, 33.7630704252134, 0.0 ], [ -118.159811101087001, 33.761761865933401, 0.0 ], [ -118.156625751487994, 33.761139671865998, 0.0 ], [ -118.156291951087994, 33.761074470662201, 0.0 ], [ -118.150699, 33.759982, 0.0 ], [ -118.149458626173995, 33.759515852067601, 0.0 ], [ -118.146356973674997, 33.758350212427501, 0.0 ], [ -118.141758286048997, 33.756621968341598, 0.0 ], [ -118.140367076659004, 33.756099134525499, 0.0 ], [ -118.136899124291006, 33.754795834832798, 0.0 ], [ -118.132698, 33.753217, 0.0 ], [ -118.132595110124001, 33.753157942690898, 0.0 ], [ -118.115411077282999, 33.7432945549888, 0.0 ], [ -118.114635, 33.744606, 0.0 ], [ -118.11406, 33.746138, 0.0 ], [ -118.113046, 33.74709, 0.0 ], [ -118.105849, 33.750665, 0.0 ], [ -118.098596, 33.754605, 0.0 ], [ -118.098095, 33.75516, 0.0 ], [ -118.09197, 33.758472, 0.0 ], [ -118.092045, 33.759675, 0.0 ], [ -118.092332, 33.764532, 0.0 ], [ -118.093628, 33.768096, 0.0 ], [ -118.09706, 33.773723, 0.0 ], [ -118.097057, 33.774192, 0.0 ], [ -118.097056, 33.774376, 0.0 ], [ -118.096705, 33.779085, 0.0 ], [ -118.093277, 33.785728, 0.0 ], [ -118.09323, 33.785805, 0.0 ], [ -118.093029, 33.786121, 0.0 ], [ -118.087263, 33.795243, 0.0 ], [ -118.086228, 33.796879, 0.0 ], [ -118.084744, 33.80291, 0.0 ], [ -118.08424, 33.803416, 0.0 ], [ -118.081525, 33.806145, 0.0 ], [ -118.072833, 33.814856, 0.0 ], [ -118.071839, 33.815351, 0.0 ], [ -118.071814, 33.815363, 0.0 ], [ -118.069526, 33.816503, 0.0 ], [ -118.068758, 33.817362, 0.0 ], [ -118.067447, 33.817538, 0.0 ], [ -118.06317, 33.819681, 0.0 ], [ -118.06325, 33.820764, 0.0 ], [ -118.063268, 33.824107, 0.0 ], [ -118.06544, 33.824012, 0.0 ], [ -118.065933, 33.824012, 0.0 ], [ -118.066627, 33.822199, 0.0 ], [ -118.068868, 33.822171, 0.0 ], [ -118.068721, 33.82402, 0.0 ], [ -118.071826, 33.823974, 0.0 ], [ -118.071804, 33.82321, 0.0 ], [ -118.072497, 33.823468, 0.0 ], [ -118.074676, 33.823008, 0.0 ], [ -118.078427, 33.824117, 0.0 ], [ -118.081337, 33.824977, 0.0 ], [ -118.081703, 33.825083, 0.0 ], [ -118.082698, 33.829991, 0.0 ], [ -118.08192, 33.830841, 0.0 ], [ -118.081926, 33.831262, 0.0 ], [ -118.084145, 33.831314, 0.0 ], [ -118.09324, 33.831291, 0.0 ], [ -118.093526, 33.832014, 0.0 ], [ -118.098862, 33.83235, 0.0 ], [ -118.105133, 33.832372, 0.0 ], [ -118.107757, 33.83238, 0.0 ], [ -118.109704, 33.832387, 0.0 ], [ -118.116532, 33.832409, 0.0 ], [ -118.118315, 33.832414, 0.0 ], [ -118.120784, 33.832423, 0.0 ], [ -118.124983, 33.832437, 0.0 ], [ -118.124962, 33.834106, 0.0 ], [ -118.124938, 33.836092, 0.0 ], [ -118.124911, 33.839555, 0.0 ], [ -118.124891, 33.843017, 0.0 ], [ -118.124924, 33.847054, 0.0 ], [ -118.125075, 33.847055, 0.0 ], [ -118.129868, 33.84707, 0.0 ], [ -118.132019, 33.847077, 0.0 ], [ -118.133787, 33.846723, 0.0 ], [ -118.14243, 33.846725, 0.0 ], [ -118.142648, 33.846684, 0.0 ], [ -118.142708, 33.832493, 0.0 ], [ -118.14765, 33.832506, 0.0 ], [ -118.149951, 33.832378, 0.0 ], [ -118.15104, 33.829486, 0.0 ], [ -118.154104, 33.828977, 0.0 ], [ -118.154103, 33.827552, 0.0 ], [ -118.155949, 33.827511, 0.0 ], [ -118.155958, 33.825138, 0.0 ], [ -118.157917, 33.825136, 0.0 ], [ -118.160853, 33.827577, 0.0 ], [ -118.164037, 33.827596, 0.0 ], [ -118.16416, 33.822206, 0.0 ], [ -118.164643, 33.820047, 0.0 ], [ -118.167357, 33.820153, 0.0 ], [ -118.16736, 33.826694, 0.0 ], [ -118.167361, 33.827781, 0.0 ], [ -118.16431, 33.827802, 0.0 ], [ -118.164306, 33.832417, 0.0 ], [ -118.164322, 33.847056, 0.0 ], [ -118.167559, 33.84694, 0.0 ], [ -118.167642, 33.851784, 0.0 ], [ -118.167704, 33.854258, 0.0 ], [ -118.164328, 33.853934, 0.0 ], [ -118.164329, 33.854346, 0.0 ], [ -118.164175, 33.854346, 0.0 ], [ -118.159849, 33.854361, 0.0 ], [ -118.155515, 33.854401, 0.0 ], [ -118.155519, 33.85747, 0.0 ], [ -118.156968, 33.857464, 0.0 ], [ -118.156985, 33.860105, 0.0 ], [ -118.151188, 33.86021, 0.0 ], [ -118.151189, 33.860302, 0.0 ], [ -118.146767, 33.86031, 0.0 ], [ -118.146651, 33.868936, 0.0 ], [ -118.15124, 33.868916, 0.0 ], [ -118.151267, 33.872923, 0.0 ], [ -118.151262, 33.874659, 0.0 ], [ -118.151288, 33.876939, 0.0 ], [ -118.151294, 33.879807, 0.0 ], [ -118.151315, 33.881987, 0.0 ], [ -118.151616, 33.881998, 0.0 ], [ -118.154715, 33.881984, 0.0 ], [ -118.160022, 33.881959, 0.0 ], [ -118.168702, 33.881962, 0.0 ], [ -118.168701, 33.882004, 0.0 ], [ -118.177427, 33.881952, 0.0 ], [ -118.177435, 33.885359, 0.0 ], [ -118.186688, 33.885443, 0.0 ], [ -118.187196, 33.885443, 0.0 ], [ -118.187522, 33.883023, 0.0 ], [ -118.187607, 33.882688, 0.0 ], [ -118.187892, 33.881457, 0.0 ], [ -118.188343, 33.881453, 0.0 ], [ -118.199447, 33.881399, 0.0 ], [ -118.200557, 33.881396, 0.0 ], [ -118.203675, 33.88138, 0.0 ], [ -118.20485, 33.881322, 0.0 ], [ -118.205446, 33.881319, 0.0 ], [ -118.207137, 33.881312, 0.0 ], [ -118.208874, 33.881292, 0.0 ], [ -118.20887, 33.880827, 0.0 ], [ -118.208532, 33.878324, 0.0 ], [ -118.208527, 33.874929, 0.0 ], [ -118.208482, 33.874796, 0.0 ], [ -118.208031, 33.874932, 0.0 ], [ -118.207155, 33.874269, 0.0 ], [ -118.205498, 33.874287, 0.0 ], [ -118.20549, 33.872971, 0.0 ], [ -118.205485, 33.872726, 0.0 ], [ -118.205486, 33.870402, 0.0 ], [ -118.206165, 33.870353, 0.0 ], [ -118.206321, 33.870343, 0.0 ], [ -118.203553, 33.861105, 0.0 ], [ -118.201127, 33.860904, 0.0 ], [ -118.201334, 33.860138, 0.0 ], [ -118.204635, 33.854611, 0.0 ], [ -118.205741, 33.84911, 0.0 ], [ -118.206186, 33.84861, 0.0 ], [ -118.206627, 33.846813, 0.0 ], [ -118.206618, 33.846719, 0.0 ], [ -118.206615, 33.846677, 0.0 ], [ -118.206594, 33.846677, 0.0 ], [ -118.206591, 33.846567, 0.0 ], [ -118.205903, 33.846592, 0.0 ], [ -118.207691, 33.839331, 0.0 ], [ -118.207727, 33.839185, 0.0 ], [ -118.211278, 33.83918, 0.0 ], [ -118.212398, 33.836094, 0.0 ], [ -118.212558, 33.835876, 0.0 ], [ -118.213417, 33.834286, 0.0 ], [ -118.216008, 33.834278, 0.0 ], [ -118.216655, 33.832552, 0.0 ], [ -118.216847, 33.831715, 0.0 ], [ -118.216876, 33.83036, 0.0 ], [ -118.216781, 33.829429, 0.0 ], [ -118.215706, 33.825901, 0.0 ], [ -118.21755, 33.825736, 0.0 ], [ -118.222283, 33.825603, 0.0 ], [ -118.222296, 33.824382, 0.0 ], [ -118.224576, 33.824381, 0.0 ], [ -118.224576, 33.824288, 0.0 ], [ -118.224504, 33.821568, 0.0 ], [ -118.222442, 33.811879, 0.0 ], [ -118.222439, 33.808236, 0.0 ], [ -118.222436, 33.804448, 0.0 ], [ -118.222436, 33.804152, 0.0 ], [ -118.226797, 33.792148, 0.0 ], [ -118.226966, 33.79086, 0.0 ], [ -118.227512, 33.790368, 0.0 ], [ -118.22609, 33.78831, 0.0 ], [ -118.225937, 33.788148, 0.0 ], [ -118.220749, 33.782623, 0.0 ], [ -118.24545, 33.763889, 0.0 ], [ -118.240767, 33.758296, 0.0 ], [ -118.248966, 33.755902, 0.0 ] ], [ [ -118.184582, 33.804331, 0.0 ], [ -118.184579, 33.811635, 0.0 ], [ -118.184579, 33.815085, 0.0 ], [ -118.184213, 33.81623, 0.0 ], [ -118.184455, 33.818622, 0.0 ], [ -118.178491, 33.818631, 0.0 ], [ -118.175234, 33.81891, 0.0 ], [ -118.174103, 33.818647, 0.0 ], [ -118.171973, 33.818633, 0.0 ], [ -118.171968, 33.815294, 0.0 ], [ -118.174154, 33.815285, 0.0 ], [ -118.174137, 33.813466, 0.0 ], [ -118.178494, 33.813469, 0.0 ], [ -118.178495, 33.811631, 0.0 ], [ -118.180662, 33.811641, 0.0 ], [ -118.180646, 33.804386, 0.0 ], [ -118.176297, 33.804383, 0.0 ], [ -118.176302, 33.811647, 0.0 ], [ -118.163269, 33.811678, 0.0 ], [ -118.163249, 33.809134, 0.0 ], [ -118.16118, 33.809033, 0.0 ], [ -118.158914, 33.809862, 0.0 ], [ -118.158924, 33.804425, 0.0 ], [ -118.158877, 33.80216, 0.0 ], [ -118.155781, 33.80442, 0.0 ], [ -118.151346, 33.804427, 0.0 ], [ -118.151386, 33.797119, 0.0 ], [ -118.158888, 33.797119, 0.0 ], [ -118.158896, 33.796374, 0.0 ], [ -118.154565, 33.796369, 0.0 ], [ -118.15457, 33.79347, 0.0 ], [ -118.152175, 33.793465, 0.0 ], [ -118.149648, 33.789836, 0.0 ], [ -118.150232, 33.789757, 0.0 ], [ -118.153488, 33.789762, 0.0 ], [ -118.156743, 33.789769, 0.0 ], [ -118.162751, 33.789855, 0.0 ], [ -118.163313, 33.789856, 0.0 ], [ -118.165501, 33.789855, 0.0 ], [ -118.167645, 33.791492, 0.0 ], [ -118.171997, 33.794303, 0.0 ], [ -118.180663, 33.799945, 0.0 ], [ -118.18175, 33.800639, 0.0 ], [ -118.181734, 33.804231, 0.0 ], [ -118.184582, 33.804331, 0.0 ] ], [ [ -118.116566, 33.825019, 0.0 ], [ -118.116559, 33.827651, 0.0 ], [ -118.116562, 33.828443, 0.0 ], [ -118.114297, 33.828431, 0.0 ], [ -118.114292, 33.830245, 0.0 ], [ -118.107765, 33.83031, 0.0 ], [ -118.107794, 33.82499, 0.0 ], [ -118.108552, 33.824991, 0.0 ], [ -118.108545, 33.82753, 0.0 ], [ -118.110427, 33.827534, 0.0 ], [ -118.110441, 33.825001, 0.0 ], [ -118.112993, 33.825006, 0.0 ], [ -118.116566, 33.825019, 0.0 ] ] ] } },
{ "type": "Feature", "properties": { "city": "Los Angeles", "leading_firm": "COMPASS", "volume_firm": 5517149823.0, "volume_city": 22607702794.0, "percent_share": "24.40%" }, "geometry": { "type": "Polygon", "coordinates": [ [ [ -118.668162, 34.184141, 0.0 ], [ -118.668153, 34.17675, 0.0 ], [ -118.667411, 34.176747, 0.0 ], [ -118.658589, 34.176749, 0.0 ], [ -118.658595, 34.175672, 0.0 ], [ -118.658618, 34.171419, 0.0 ], [ -118.658629, 34.16944, 0.0 ], [ -118.654264, 34.169427, 0.0 ], [ -118.654281, 34.165722, 0.0 ], [ -118.645534, 34.165696, 0.0 ], [ -118.645553, 34.161985, 0.0 ], [ -118.641975, 34.161975, 0.0 ], [ -118.639735, 34.159091, 0.0 ], [ -118.641269, 34.158325, 0.0 ], [ -118.641269, 34.158136, 0.0 ], [ -118.64127, 34.157924, 0.0 ], [ -118.641273, 34.156718, 0.0 ], [ -118.638775, 34.157543, 0.0 ], [ -118.638536, 34.157655, 0.0 ], [ -118.638483, 34.157597, 0.0 ], [ -118.632107, 34.150559, 0.0 ], [ -118.63125, 34.151087, 0.0 ], [ -118.629939, 34.149864, 0.0 ], [ -118.628992, 34.147273, 0.0 ], [ -118.614971, 34.147277, 0.0 ], [ -118.614978, 34.149267, 0.0 ], [ -118.612246, 34.148229, 0.0 ], [ -118.609648, 34.14724, 0.0 ], [ -118.605817, 34.145785, 0.0 ], [ -118.590303, 34.139887, 0.0 ], [ -118.577617, 34.135065, 0.0 ], [ -118.565316, 34.130383, 0.0 ], [ -118.564752, 34.130168, 0.0 ], [ -118.572493, 34.117628, 0.0 ], [ -118.598045, 34.076214, 0.0 ], [ -118.599188, 34.074362, 0.0 ], [ -118.587987, 34.072394, 0.0 ], [ -118.570395, 34.069346, 0.0 ], [ -118.570165, 34.051728, 0.0 ], [ -118.570107, 34.047117, 0.0 ], [ -118.567188528451993, 34.041644866143699, 0.0 ], [ -118.566043, 34.04162, 0.0 ], [ -118.555891742544006, 34.038111750650899, 0.0 ], [ -118.555742, 34.03806, 0.0 ], [ -118.550421, 34.039545, 0.0 ], [ -118.543846, 34.039031, 0.0 ], [ -118.535865038143996, 34.035611348257397, 0.0 ], [ -118.524356, 34.03068, 0.0 ], [ -118.519686999159006, 34.027685848491799, 0.0 ], [ -118.516691930665004, 34.0257651615713, 0.0 ], [ -118.512324, 34.030194, 0.0 ], [ -118.509346, 34.032794, 0.0 ], [ -118.508672, 34.032975, 0.0 ], [ -118.508717, 34.033033, 0.0 ], [ -118.507688, 34.036269, 0.0 ], [ -118.507555, 34.04007, 0.0 ], [ -118.50464, 34.04126, 0.0 ], [ -118.503965, 34.040724, 0.0 ], [ -118.494476, 34.050433, 0.0 ], [ -118.493862, 34.050045, 0.0 ], [ -118.491825, 34.048302, 0.0 ], [ -118.488881, 34.045781, 0.0 ], [ -118.483766, 34.04143, 0.0 ], [ -118.480015, 34.044456, 0.0 ], [ -118.479647, 34.045107, 0.0 ], [ -118.479463, 34.045076, 0.0 ], [ -118.479375, 34.045147, 0.0 ], [ -118.478438, 34.045629, 0.0 ], [ -118.477869, 34.046379, 0.0 ], [ -118.477283, 34.046699, 0.0 ], [ -118.474465, 34.044279, 0.0 ], [ -118.473721, 34.044036, 0.0 ], [ -118.47096, 34.041276, 0.0 ], [ -118.470888, 34.041334, 0.0 ], [ -118.469291, 34.039969, 0.0 ], [ -118.467722, 34.038629, 0.0 ], [ -118.464594, 34.035957, 0.0 ], [ -118.46146, 34.03328, 0.0 ], [ -118.459175, 34.031328, 0.0 ], [ -118.457704, 34.031638, 0.0 ], [ -118.457078, 34.029713, 0.0 ], [ -118.453, 34.027961, 0.0 ], [ -118.452675, 34.027569, 0.0 ], [ -118.448866, 34.022971, 0.0 ], [ -118.443517, 34.016576, 0.0 ], [ -118.447028, 34.014711, 0.0 ], [ -118.455995, 34.00999, 0.0 ], [ -118.458757, 34.008556, 0.0 ], [ -118.464088, 34.005773, 0.0 ], [ -118.468903, 34.003175, 0.0 ], [ -118.470194, 34.002487, 0.0 ], [ -118.473584, 34.000682, 0.0 ], [ -118.476622, 33.999092, 0.0 ], [ -118.47762, 33.998572, 0.0 ], [ -118.478463, 33.99808, 0.0 ], [ -118.479917, 33.997353, 0.0 ], [ -118.482239, 33.995611, 0.0 ], [ -118.480672756507005, 33.993754927986899, 0.0 ], [ -118.475810912423, 33.987993414672601, 0.0 ], [ -118.472294629380002, 33.983826454314503, 0.0 ], [ -118.467784672842001, 33.978481944250198, 0.0 ], [ -118.467667361763006, 33.978342925118703, 0.0 ], [ -118.465445925748, 33.9757104192309, 0.0 ], [ -118.463212642757995, 33.9730638741229, 0.0 ], [ -118.454824404438, 33.963123418213101, 0.0 ], [ -118.451436, 33.959108, 0.0 ], [ -118.450430108041004, 33.957269318058202, 0.0 ], [ -118.447869279697002, 33.9525883493029, 0.0 ], [ -118.447321716185996, 33.951587451411903, 0.0 ], [ -118.441168, 33.940339, 0.0 ], [ -118.435928490448006, 33.930272166753198, 0.0 ], [ -118.428666374040006, 33.9163192358195, 0.0 ], [ -118.422221, 33.916329, 0.0 ], [ -118.422222, 33.919957, 0.0 ], [ -118.424391, 33.919958, 0.0 ], [ -118.424396, 33.92177, 0.0 ], [ -118.426571, 33.921769, 0.0 ], [ -118.426574, 33.923583, 0.0 ], [ -118.42766, 33.923582, 0.0 ], [ -118.427667, 33.927203, 0.0 ], [ -118.428754, 33.927201, 0.0 ], [ -118.428769, 33.930891, 0.0 ], [ -118.425842, 33.931255, 0.0 ], [ -118.415962, 33.931292, 0.0 ], [ -118.411367, 33.931296, 0.0 ], [ -118.403966, 33.931299, 0.0 ], [ -118.397616, 33.930889, 0.0 ], [ -118.396105, 33.9309, 0.0 ], [ -118.380286, 33.930923, 0.0 ], [ -118.378869, 33.930923, 0.0 ], [ -118.378429, 33.929008, 0.0 ], [ -118.374381, 33.929013, 0.0 ], [ -118.368375, 33.929021, 0.0 ], [ -118.368387, 33.930946, 0.0 ], [ -118.370033, 33.930929, 0.0 ], [ -118.370031, 33.938188, 0.0 ], [ -118.370035, 33.943104, 0.0 ], [ -118.370037, 33.94542, 0.0 ], [ -118.37005, 33.950149, 0.0 ], [ -118.370057, 33.952672, 0.0 ], [ -118.372541, 33.952662, 0.0 ], [ -118.378615, 33.952646, 0.0 ], [ -118.378843, 33.952647, 0.0 ], [ -118.378834, 33.95748, 0.0 ], [ -118.377759, 33.959904, 0.0 ], [ -118.376078, 33.96135, 0.0 ], [ -118.371295, 33.963345, 0.0 ], [ -118.371239, 33.963367, 0.0 ], [ -118.371616, 33.966852, 0.0 ], [ -118.372823, 33.967648, 0.0 ], [ -118.370797, 33.967992, 0.0 ], [ -118.370148, 33.967993, 0.0 ], [ -118.370107, 33.972282, 0.0 ], [ -118.370109, 33.972973, 0.0 ], [ -118.370101, 33.97501, 0.0 ], [ -118.370118, 33.977272, 0.0 ], [ -118.370147, 33.978808, 0.0 ], [ -118.370231, 33.979929, 0.0 ], [ -118.370341, 33.981636, 0.0 ], [ -118.360978, 33.981661, 0.0 ], [ -118.358544, 33.981667, 0.0 ], [ -118.357538, 33.98167, 0.0 ], [ -118.357004, 33.981674, 0.0 ], [ -118.356327, 33.981677, 0.0 ], [ -118.349992, 33.981692, 0.0 ], [ -118.347334, 33.9817, 0.0 ], [ -118.3454, 33.981705, 0.0 ], [ -118.341744, 33.981721, 0.0 ], [ -118.340681, 33.981727, 0.0 ], [ -118.338557, 33.981739, 0.0 ], [ -118.335186, 33.981758, 0.0 ], [ -118.335192, 33.980582, 0.0 ], [ -118.335196, 33.978108, 0.0 ], [ -118.33521, 33.974499, 0.0 ], [ -118.335212, 33.972691, 0.0 ], [ -118.333024, 33.972696, 0.0 ], [ -118.333042, 33.97087, 0.0 ], [ -118.33303, 33.967249, 0.0 ], [ -118.32648, 33.967267, 0.0 ], [ -118.326471, 33.970909, 0.0 ], [ -118.324291, 33.970913, 0.0 ], [ -118.322362, 33.970916, 0.0 ], [ -118.321887, 33.970796, 0.0 ], [ -118.317747, 33.970923, 0.0 ], [ -118.317752, 33.967279, 0.0 ], [ -118.317754, 33.965486, 0.0 ], [ -118.317757, 33.963648, 0.0 ], [ -118.317761, 33.959972, 0.0 ], [ -118.317726, 33.956345, 0.0 ], [ -118.317724, 33.952717, 0.0 ], [ -118.31772, 33.945463, 0.0 ], [ -118.313372, 33.94546, 0.0 ], [ -118.313377, 33.941838, 0.0 ], [ -118.313387, 33.938214, 0.0 ], [ -118.309025, 33.93821, 0.0 ], [ -118.309019, 33.94002, 0.0 ], [ -118.309015, 33.941833, 0.0 ], [ -118.305191, 33.941845, 0.0 ], [ -118.305187, 33.9432, 0.0 ], [ -118.30518, 33.945467, 0.0 ], [ -118.304636, 33.945469, 0.0 ], [ -118.302454, 33.945474, 0.0 ], [ -118.302452, 33.94679, 0.0 ], [ -118.30245, 33.94866, 0.0 ], [ -118.302448, 33.949993, 0.0 ], [ -118.300262, 33.949999, 0.0 ], [ -118.300258, 33.951922, 0.0 ], [ -118.300258, 33.952139, 0.0 ], [ -118.300257, 33.952734, 0.0 ], [ -118.300255, 33.954306, 0.0 ], [ -118.300253, 33.955926, 0.0 ], [ -118.300267, 33.959481, 0.0 ], [ -118.297623, 33.9595, 0.0 ], [ -118.295879, 33.959505, 0.0 ], [ -118.291596, 33.959495, 0.0 ], [ -118.291604, 33.955795, 0.0 ], [ -118.291605, 33.955056, 0.0 ], [ -118.29161, 33.952791, 0.0 ], [ -118.291614, 33.950977, 0.0 ], [ -118.291617, 33.949751, 0.0 ], [ -118.291618, 33.949131, 0.0 ], [ -118.291619, 33.948706, 0.0 ], [ -118.291621, 33.947001, 0.0 ], [ -118.291625, 33.945491, 0.0 ], [ -118.291632, 33.942317, 0.0 ], [ -118.291637, 33.939881, 0.0 ], [ -118.291641, 33.938204, 0.0 ], [ -118.291612, 33.936441, 0.0 ], [ -118.291616, 33.934575, 0.0 ], [ -118.291525, 33.930962, 0.0 ], [ -118.291535, 33.928896, 0.0 ], [ -118.291537, 33.928489, 0.0 ], [ -118.291542, 33.927324, 0.0 ], [ -118.291509, 33.923685, 0.0 ], [ -118.291592, 33.920053, 0.0 ], [ -118.291607, 33.916422, 0.0 ], [ -118.291639, 33.911271, 0.0 ], [ -118.291646, 33.909161, 0.0 ], [ -118.291667, 33.901912, 0.0 ], [ -118.29168, 33.897592, 0.0 ], [ -118.291771, 33.894202, 0.0 ], [ -118.291726, 33.892478, 0.0 ], [ -118.291582, 33.888843, 0.0 ], [ -118.291432, 33.885216, 0.0 ], [ -118.291283, 33.881592, 0.0 ], [ -118.291208, 33.879778, 0.0 ], [ -118.291182, 33.879142, 0.0 ], [ -118.291084, 33.876761, 0.0 ], [ -118.290894, 33.872696, 0.0 ], [ -118.290565, 33.867166, 0.0 ], [ -118.29154, 33.865664, 0.0 ], [ -118.298068, 33.865553, 0.0 ], [ -118.297771, 33.866468, 0.0 ], [ -118.294499, 33.86647, 0.0 ], [ -118.294357, 33.870522, 0.0 ], [ -118.299143, 33.870531, 0.0 ], [ -118.299319, 33.865698, 0.0 ], [ -118.29937, 33.865698, 0.0 ], [ -118.302561, 33.865696, 0.0 ], [ -118.309148, 33.865608, 0.0 ], [ -118.309149, 33.861978, 0.0 ], [ -118.309149, 33.859952, 0.0 ], [ -118.30915, 33.858348, 0.0 ], [ -118.309137, 33.847393, 0.0 ], [ -118.309123, 33.84286, 0.0 ], [ -118.309122, 33.838207, 0.0 ], [ -118.30912, 33.838077, 0.0 ], [ -118.309118, 33.837359, 0.0 ], [ -118.309009, 33.830242, 0.0 ], [ -118.308915, 33.827934, 0.0 ], [ -118.309019, 33.825625, 0.0 ], [ -118.308991, 33.823317, 0.0 ], [ -118.308984, 33.822781, 0.0 ], [ -118.308953, 33.820189, 0.0 ], [ -118.308924, 33.817038, 0.0 ], [ -118.308936, 33.813457, 0.0 ], [ -118.308938, 33.812715, 0.0 ], [ -118.308804, 33.811039, 0.0 ], [ -118.308254, 33.809014, 0.0 ], [ -118.309228, 33.80845, 0.0 ], [ -118.308871, 33.807213, 0.0 ], [ -118.30879, 33.802217, 0.0 ], [ -118.308781, 33.800958, 0.0 ], [ -118.308753, 33.797834, 0.0 ], [ -118.308737, 33.79578, 0.0 ], [ -118.308701, 33.79149, 0.0 ], [ -118.308697, 33.790987, 0.0 ], [ -118.308692, 33.790487, 0.0 ], [ -118.308685, 33.789471, 0.0 ], [ -118.308694, 33.78686, 0.0 ], [ -118.308697, 33.786051, 0.0 ], [ -118.308699, 33.785185, 0.0 ], [ -118.308704, 33.783666, 0.0 ], [ -118.30894, 33.782216, 0.0 ], [ -118.309924, 33.781947, 0.0 ], [ -118.309762, 33.78083, 0.0 ], [ -118.309486, 33.779053, 0.0 ], [ -118.307826, 33.779328, 0.0 ], [ -118.306427, 33.774958, 0.0 ], [ -118.308923, 33.774964, 0.0 ], [ -118.308833, 33.772616, 0.0 ], [ -118.310652, 33.76623, 0.0 ], [ -118.311606, 33.763051, 0.0 ], [ -118.309035, 33.762678, 0.0 ], [ -118.309038, 33.760515, 0.0 ], [ -118.301878, 33.760511, 0.0 ], [ -118.301113, 33.75808, 0.0 ], [ -118.301, 33.757721, 0.0 ], [ -118.309087, 33.757728, 0.0 ], [ -118.309101, 33.754276, 0.0 ], [ -118.309118, 33.752127, 0.0 ], [ -118.309202, 33.750052, 0.0 ], [ -118.309271, 33.749523, 0.0 ], [ -118.309614, 33.746791, 0.0 ], [ -118.311103, 33.747294, 0.0 ], [ -118.312176, 33.746805, 0.0 ], [ -118.318022, 33.74684, 0.0 ], [ -118.318449, 33.746842, 0.0 ], [ -118.318456, 33.745757, 0.0 ], [ -118.318475, 33.742944, 0.0 ], [ -118.319418, 33.742626, 0.0 ], [ -118.319607, 33.74263, 0.0 ], [ -118.319928, 33.742023, 0.0 ], [ -118.320029, 33.741492, 0.0 ], [ -118.319915, 33.74109, 0.0 ], [ -118.319695, 33.740888, 0.0 ], [ -118.319082, 33.740581, 0.0 ], [ -118.318751, 33.738367, 0.0 ], [ -118.3185, 33.737633, 0.0 ], [ -118.320373, 33.73577, 0.0 ], [ -118.318512, 33.734879, 0.0 ], [ -118.318512, 33.734782, 0.0 ], [ -118.318531, 33.731987, 0.0 ], [ -118.320771, 33.731141, 0.0 ], [ -118.32101, 33.729397, 0.0 ], [ -118.326701, 33.729416, 0.0 ], [ -118.328472, 33.729422, 0.0 ], [ -118.329635, 33.727493, 0.0 ], [ -118.332893576361997, 33.7221321552055, 0.0 ], [ -118.324075414676003, 33.718652500603298, 0.0 ], [ -118.322314556494007, 33.7179576643668, 0.0 ], [ -118.321215565710006, 33.7175240016063, 0.0 ], [ -118.321198448691007, 33.717517247215198, 0.0 ], [ -118.320359, 33.717186, 0.0 ], [ -118.316982, 33.714269, 0.0 ], [ -118.314421, 33.714902, 0.0 ], [ -118.313639220753004, 33.714638248552497, 0.0 ], [ -118.312896537702002, 33.714387687117799, 0.0 ], [ -118.311402025367997, 33.713883478553697, 0.0 ], [ -118.299144211183005, 33.709748019282003, 0.0 ], [ -118.296600212716996, 33.708889742114202, 0.0 ], [ -118.295774, 33.708611, 0.0 ], [ -118.294074, 33.705149, 0.0 ], [ -118.292907105427005, 33.705323837075298, 0.0 ], [ -118.288154, 33.706036, 0.0 ], [ -118.287961370098003, 33.706165576597101, 0.0 ], [ -118.285909359214997, 33.707545905320401, 0.0 ], [ -118.285411228494993, 33.707880983534601, 0.0 ], [ -118.283935, 33.708874, 0.0 ], [ -118.283273680606996, 33.708737522729102, 0.0 ], [ -118.278255476366994, 33.707701909942699, 0.0 ], [ -118.278159, 33.707682, 0.0 ], [ -118.277436, 33.707992, 0.0 ], [ -118.277685, 33.708783, 0.0 ], [ -118.282486, 33.711647, 0.0 ], [ -118.283692, 33.715995, 0.0 ], [ -118.279155, 33.718456, 0.0 ], [ -118.275284, 33.714913, 0.0 ], [ -118.272845, 33.715783, 0.0 ], [ -118.27417, 33.719232, 0.0 ], [ -118.267839, 33.722145, 0.0 ], [ -118.265307, 33.722659, 0.0 ], [ -118.261632, 33.722196, 0.0 ], [ -118.257296, 33.716607, 0.0 ], [ -118.247115, 33.715226, 0.0 ], [ -118.245985, 33.716576, 0.0 ], [ -118.251639, 33.722714, 0.0 ], [ -118.251105, 33.724213, 0.0 ], [ -118.238702, 33.727423, 0.0 ], [ -118.237826, 33.728918, 0.0 ], [ -118.243556, 33.742217, 0.0 ], [ -118.243349569919999, 33.742515877138601, 0.0 ], [ -118.248966, 33.755902, 0.0 ], [ -118.240767, 33.758296, 0.0 ], [ -118.24545, 33.763889, 0.0 ], [ -118.220749, 33.782623, 0.0 ], [ -118.225937, 33.788148, 0.0 ], [ -118.22609, 33.78831, 0.0 ], [ -118.227512, 33.790368, 0.0 ], [ -118.226966, 33.79086, 0.0 ], [ -118.226797, 33.792148, 0.0 ], [ -118.222436, 33.804152, 0.0 ], [ -118.222436, 33.804448, 0.0 ], [ -118.222439, 33.808236, 0.0 ], [ -118.222442, 33.811879, 0.0 ], [ -118.224504, 33.821568, 0.0 ], [ -118.224576, 33.824288, 0.0 ], [ -118.224576, 33.824381, 0.0 ], [ -118.226607, 33.829493, 0.0 ], [ -118.228041, 33.825623, 0.0 ], [ -118.228066, 33.824195, 0.0 ], [ -118.225387, 33.811008, 0.0 ], [ -118.223928, 33.807053, 0.0 ], [ -118.224568, 33.804336, 0.0 ], [ -118.227342, 33.799839, 0.0 ], [ -118.23004, 33.792547, 0.0 ], [ -118.237508, 33.800508, 0.0 ], [ -118.256797, 33.799526, 0.0 ], [ -118.258445, 33.799442, 0.0 ], [ -118.256512, 33.804774, 0.0 ], [ -118.263972, 33.804569, 0.0 ], [ -118.264625, 33.804496, 0.0 ], [ -118.264592, 33.80007, 0.0 ], [ -118.264585, 33.799127, 0.0 ], [ -118.275295, 33.798635, 0.0 ], [ -118.282997, 33.798241, 0.0 ], [ -118.286546, 33.797643, 0.0 ], [ -118.286737, 33.797818, 0.0 ], [ -118.28895, 33.797761, 0.0 ], [ -118.295918, 33.797785, 0.0 ], [ -118.299065, 33.797783, 0.0 ], [ -118.299146, 33.797796, 0.0 ], [ -118.299114, 33.803405, 0.0 ], [ -118.298796, 33.806248, 0.0 ], [ -118.29834, 33.813055, 0.0 ], [ -118.298494, 33.813139, 0.0 ], [ -118.298491, 33.813363, 0.0 ], [ -118.299258, 33.813646, 0.0 ], [ -118.299065, 33.818985, 0.0 ], [ -118.299083, 33.819742, 0.0 ], [ -118.29907, 33.820215, 0.0 ], [ -118.299184, 33.824506, 0.0 ], [ -118.299185, 33.825696, 0.0 ], [ -118.299189, 33.828113, 0.0 ], [ -118.299192, 33.831549, 0.0 ], [ -118.299196, 33.835571, 0.0 ], [ -118.299203, 33.841951, 0.0 ], [ -118.299197, 33.843654, 0.0 ], [ -118.299207, 33.846319, 0.0 ], [ -118.298284, 33.846349, 0.0 ], [ -118.286017, 33.846253, 0.0 ], [ -118.286036, 33.852248, 0.0 ], [ -118.285254, 33.854157, 0.0 ], [ -118.290518, 33.854223, 0.0 ], [ -118.290523, 33.858699, 0.0 ], [ -118.285615, 33.861044, 0.0 ], [ -118.285211, 33.860481, 0.0 ], [ -118.284941, 33.861344, 0.0 ], [ -118.281555, 33.862802, 0.0 ], [ -118.281627, 33.870297, 0.0 ], [ -118.281608, 33.872631, 0.0 ], [ -118.282107, 33.872853, 0.0 ], [ -118.282579, 33.88184, 0.0 ], [ -118.282729, 33.885466, 0.0 ], [ -118.283201, 33.896985, 0.0 ], [ -118.282268, 33.897315, 0.0 ], [ -118.282254, 33.9019, 0.0 ], [ -118.282233, 33.909176, 0.0 ], [ -118.282184, 33.916423, 0.0 ], [ -118.282086, 33.923201, 0.0 ], [ -118.281254, 33.923199, 0.0 ], [ -118.277534, 33.922433, 0.0 ], [ -118.277332, 33.923281, 0.0 ], [ -118.273901, 33.923282, 0.0 ], [ -118.273228, 33.923282, 0.0 ], [ -118.269544, 33.923107, 0.0 ], [ -118.265186, 33.9231, 0.0 ], [ -118.261387, 33.923098, 0.0 ], [ -118.256512, 33.923096, 0.0 ], [ -118.254384, 33.923095, 0.0 ], [ -118.253579, 33.923747, 0.0 ], [ -118.253812, 33.927443, 0.0 ], [ -118.253806, 33.927981, 0.0 ], [ -118.253503, 33.928585, 0.0 ], [ -118.254268, 33.929462, 0.0 ], [ -118.246257, 33.929486, 0.0 ], [ -118.239872, 33.929515, 0.0 ], [ -118.239046, 33.929476, 0.0 ], [ -118.233516, 33.929154, 0.0 ], [ -118.230324, 33.929001, 0.0 ], [ -118.230899, 33.931691, 0.0 ], [ -118.230673, 33.932445, 0.0 ], [ -118.230212, 33.933987, 0.0 ], [ -118.229213, 33.937331, 0.0 ], [ -118.228753, 33.938874, 0.0 ], [ -118.229497, 33.9431, 0.0 ], [ -118.227476, 33.943091, 0.0 ], [ -118.228237, 33.946625, 0.0 ], [ -118.228602, 33.948301, 0.0 ], [ -118.234026, 33.948243, 0.0 ], [ -118.233995, 33.953264, 0.0 ], [ -118.238547, 33.95327, 0.0 ], [ -118.241902, 33.953274, 0.0 ], [ -118.243255, 33.953263, 0.0 ], [ -118.24421, 33.95427, 0.0 ], [ -118.24745, 33.954257, 0.0 ], [ -118.248839, 33.953358, 0.0 ], [ -118.248998, 33.949304, 0.0 ], [ -118.249007, 33.949075, 0.0 ], [ -118.249138, 33.943273, 0.0 ], [ -118.25364, 33.943277, 0.0 ], [ -118.253533, 33.95126, 0.0 ], [ -118.2541, 33.951032, 0.0 ], [ -118.255929, 33.953276, 0.0 ], [ -118.255924, 33.954727, 0.0 ], [ -118.255914, 33.956525, 0.0 ], [ -118.255899, 33.960169, 0.0 ], [ -118.256393, 33.960171, 0.0 ], [ -118.256393, 33.96289, 0.0 ], [ -118.256393, 33.963796, 0.0 ], [ -118.256394, 33.964703, 0.0 ], [ -118.256394, 33.967473, 0.0 ], [ -118.256394, 33.968035, 0.0 ], [ -118.256395, 33.970721, 0.0 ], [ -118.256395, 33.971198, 0.0 ], [ -118.256396, 33.974777, 0.0 ], [ -118.256422, 33.979215, 0.0 ], [ -118.256436, 33.981859, 0.0 ], [ -118.256439, 33.983409, 0.0 ], [ -118.256436, 33.989317, 0.0 ], [ -118.256436, 33.989498, 0.0 ], [ -118.252094, 33.989493, 0.0 ], [ -118.247748, 33.989493, 0.0 ], [ -118.243139, 33.989443, 0.0 ], [ -118.241159, 33.989422, 0.0 ], [ -118.239021, 33.989403, 0.0 ], [ -118.237918, 33.989393, 0.0 ], [ -118.238396, 33.99429, 0.0 ], [ -118.239205, 34.003918, 0.0 ], [ -118.239708, 34.014713, 0.0 ], [ -118.222797, 34.014943, 0.0 ], [ -118.219926, 34.014956, 0.0 ], [ -118.217282, 34.015636, 0.0 ], [ -118.212698, 34.014295, 0.0 ], [ -118.208166, 34.015006, 0.0 ], [ -118.207199, 34.013085, 0.0 ], [ -118.205502, 34.012816, 0.0 ], [ -118.205362, 34.01276, 0.0 ], [ -118.205339, 34.01275, 0.0 ], [ -118.205292, 34.012732, 0.0 ], [ -118.205214, 34.012701, 0.0 ], [ -118.205173, 34.012685, 0.0 ], [ -118.20506, 34.014519, 0.0 ], [ -118.202822, 34.013965, 0.0 ], [ -118.201538, 34.013755, 0.0 ], [ -118.192125, 34.012921, 0.0 ], [ -118.191416, 34.012859, 0.0 ], [ -118.192231, 34.016546, 0.0 ], [ -118.192252, 34.018867, 0.0 ], [ -118.192264, 34.020311, 0.0 ], [ -118.192296, 34.023964, 0.0 ], [ -118.192325, 34.027283, 0.0 ], [ -118.192331, 34.027955, 0.0 ], [ -118.192359, 34.031161, 0.0 ], [ -118.192241, 34.033252, 0.0 ], [ -118.191286, 34.033274, 0.0 ], [ -118.191291, 34.034417, 0.0 ], [ -118.192384, 34.034002, 0.0 ], [ -118.192401, 34.035977, 0.0 ], [ -118.192437, 34.038075, 0.0 ], [ -118.192479, 34.040466, 0.0 ], [ -118.192512, 34.042493, 0.0 ], [ -118.192526, 34.043387, 0.0 ], [ -118.192556, 34.04411, 0.0 ], [ -118.192489, 34.046081, 0.0 ], [ -118.192507, 34.048141, 0.0 ], [ -118.192515, 34.049093, 0.0 ], [ -118.192528, 34.050577, 0.0 ], [ -118.192542, 34.052358, 0.0 ], [ -118.192569, 34.055306, 0.0 ], [ -118.192611, 34.060034, 0.0 ], [ -118.192625, 34.061762, 0.0 ], [ -118.18503, 34.061757, 0.0 ], [ -118.181302, 34.062249, 0.0 ], [ -118.176053, 34.062296, 0.0 ], [ -118.173318, 34.061985, 0.0 ], [ -118.169259, 34.06229, 0.0 ], [ -118.165293, 34.062298, 0.0 ], [ -118.164778, 34.064923, 0.0 ], [ -118.162467, 34.069688, 0.0 ], [ -118.162519, 34.069942, 0.0 ], [ -118.161717, 34.071793, 0.0 ], [ -118.161562, 34.072821, 0.0 ], [ -118.161761, 34.074635, 0.0 ], [ -118.160493, 34.075315, 0.0 ], [ -118.16052, 34.078478, 0.0 ], [ -118.160496, 34.081082, 0.0 ], [ -118.160524, 34.086348, 0.0 ], [ -118.160544, 34.08889, 0.0 ], [ -118.160582, 34.090337, 0.0 ], [ -118.16066, 34.093441, 0.0 ], [ -118.159526, 34.094277, 0.0 ], [ -118.159066, 34.094589, 0.0 ], [ -118.155885, 34.096823, 0.0 ], [ -118.155292, 34.098576, 0.0 ], [ -118.15529, 34.098672, 0.0 ], [ -118.156778, 34.09867, 0.0 ], [ -118.160266, 34.098669, 0.0 ], [ -118.162182, 34.09867, 0.0 ], [ -118.168415, 34.098662, 0.0 ], [ -118.177994, 34.098595, 0.0 ], [ -118.177995, 34.099726, 0.0 ], [ -118.177994, 34.100361, 0.0 ], [ -118.177996, 34.101921, 0.0 ], [ -118.177994, 34.102958, 0.0 ], [ -118.177789, 34.10401, 0.0 ], [ -118.178137, 34.104068, 0.0 ], [ -118.177995, 34.10708, 0.0 ], [ -118.177995, 34.1077, 0.0 ], [ -118.177993, 34.110323, 0.0 ], [ -118.177414, 34.110828, 0.0 ], [ -118.176886, 34.112057, 0.0 ], [ -118.176187, 34.112451, 0.0 ], [ -118.175469, 34.113118, 0.0 ], [ -118.172484, 34.113802, 0.0 ], [ -118.168866, 34.117843, 0.0 ], [ -118.16889, 34.119924, 0.0 ], [ -118.167472, 34.121105, 0.0 ], [ -118.167666, 34.121797, 0.0 ], [ -118.168053, 34.123923, 0.0 ], [ -118.165786, 34.125554, 0.0 ], [ -118.166281, 34.126174, 0.0 ], [ -118.167221, 34.125885, 0.0 ], [ -118.170536, 34.126903, 0.0 ], [ -118.172804, 34.124771, 0.0 ], [ -118.176955, 34.123141, 0.0 ], [ -118.176541, 34.126624, 0.0 ], [ -118.177717, 34.126649, 0.0 ], [ -118.180193, 34.126425, 0.0 ], [ -118.18134, 34.129498, 0.0 ], [ -118.182801, 34.129666, 0.0 ], [ -118.182817, 34.131211, 0.0 ], [ -118.18604, 34.133833, 0.0 ], [ -118.185206, 34.136068, 0.0 ], [ -118.185887, 34.136183, 0.0 ], [ -118.185468, 34.138602, 0.0 ], [ -118.185591, 34.138958, 0.0 ], [ -118.185248, 34.139287, 0.0 ], [ -118.185009, 34.139386, 0.0 ], [ -118.183813, 34.139511, 0.0 ], [ -118.183236, 34.139621, 0.0 ], [ -118.182861, 34.139998, 0.0 ], [ -118.181877, 34.140699, 0.0 ], [ -118.181265, 34.140823, 0.0 ], [ -118.180758, 34.14083, 0.0 ], [ -118.180488, 34.140875, 0.0 ], [ -118.180646, 34.141202, 0.0 ], [ -118.182202, 34.143157, 0.0 ], [ -118.184561, 34.145401, 0.0 ], [ -118.183787, 34.14908, 0.0 ], [ -118.198195, 34.149045, 0.0 ], [ -118.198191, 34.151626, 0.0 ], [ -118.202701, 34.150633, 0.0 ], [ -118.205432, 34.147431, 0.0 ], [ -118.207723, 34.147247, 0.0 ], [ -118.20944, 34.146419, 0.0 ], [ -118.210972, 34.14622, 0.0 ], [ -118.211614, 34.147176, 0.0 ], [ -118.219179, 34.147514, 0.0 ], [ -118.222455, 34.149254, 0.0 ], [ -118.225339, 34.149486, 0.0 ], [ -118.226231, 34.149789, 0.0 ], [ -118.227788, 34.147197, 0.0 ], [ -118.228084, 34.146721, 0.0 ], [ -118.228602, 34.146886, 0.0 ], [ -118.228683, 34.146735, 0.0 ], [ -118.228237, 34.146447, 0.0 ], [ -118.228577, 34.145881, 0.0 ], [ -118.228774, 34.146032, 0.0 ], [ -118.228776, 34.142768, 0.0 ], [ -118.228787, 34.140252, 0.0 ], [ -118.229149, 34.138079, 0.0 ], [ -118.227877, 34.138084, 0.0 ], [ -118.227916, 34.135601, 0.0 ], [ -118.22929, 34.1356, 0.0 ], [ -118.230022, 34.135601, 0.0 ], [ -118.233598, 34.1356, 0.0 ], [ -118.233605, 34.13451, 0.0 ], [ -118.235687, 34.134496, 0.0 ], [ -118.236387, 34.134002, 0.0 ], [ -118.236019, 34.12883, 0.0 ], [ -118.235238, 34.12672, 0.0 ], [ -118.236057, 34.126607, 0.0 ], [ -118.238785, 34.126233, 0.0 ], [ -118.253265, 34.124449, 0.0 ], [ -118.253306, 34.124322, 0.0 ], [ -118.251133, 34.120947, 0.0 ], [ -118.254135, 34.11886, 0.0 ], [ -118.254258, 34.118761, 0.0 ], [ -118.257294, 34.121447, 0.0 ], [ -118.259989, 34.124368, 0.0 ], [ -118.261873, 34.126937, 0.0 ], [ -118.265401, 34.133421, 0.0 ], [ -118.267291, 34.137095, 0.0 ], [ -118.268105, 34.138679, 0.0 ], [ -118.269808, 34.141988, 0.0 ], [ -118.272265, 34.146764, 0.0 ], [ -118.27373, 34.149613, 0.0 ], [ -118.275562, 34.153166, 0.0 ], [ -118.276007, 34.153165, 0.0 ], [ -118.277683, 34.153207, 0.0 ], [ -118.278337, 34.153205, 0.0 ], [ -118.278983, 34.153203, 0.0 ], [ -118.280496, 34.156333, 0.0 ], [ -118.282777, 34.156806, 0.0 ], [ -118.289403, 34.155751, 0.0 ], [ -118.29154, 34.155777, 0.0 ], [ -118.295602, 34.158798, 0.0 ], [ -118.29883, 34.157683, 0.0 ], [ -118.30282, 34.158589, 0.0 ], [ -118.304335, 34.15884, 0.0 ], [ -118.307812, 34.16114, 0.0 ], [ -118.308728, 34.161439, 0.0 ], [ -118.31027, 34.160797, 0.0 ], [ -118.312906, 34.153993, 0.0 ], [ -118.315818, 34.154453, 0.0 ], [ -118.317677, 34.156313, 0.0 ], [ -118.319962, 34.156011, 0.0 ], [ -118.32211, 34.155727, 0.0 ], [ -118.325341, 34.153514, 0.0 ], [ -118.331028, 34.148318, 0.0 ], [ -118.332571, 34.147831, 0.0 ], [ -118.338804, 34.145228, 0.0 ], [ -118.340901, 34.145455, 0.0 ], [ -118.342313, 34.144811, 0.0 ], [ -118.345119, 34.142636, 0.0 ], [ -118.348067, 34.149523, 0.0 ], [ -118.34974, 34.153432, 0.0 ], [ -118.351554, 34.157668, 0.0 ], [ -118.351812, 34.158271, 0.0 ], [ -118.352138, 34.159033, 0.0 ], [ -118.353103, 34.161289, 0.0 ], [ -118.357151, 34.161287, 0.0 ], [ -118.357158, 34.164908, 0.0 ], [ -118.354861, 34.165231, 0.0 ], [ -118.356075, 34.168068, 0.0 ], [ -118.356308, 34.168775, 0.0 ], [ -118.356357, 34.168889, 0.0 ], [ -118.357758, 34.172162, 0.0 ], [ -118.358578, 34.177583, 0.0 ], [ -118.358856, 34.179429, 0.0 ], [ -118.359127, 34.181224, 0.0 ], [ -118.359404, 34.183063, 0.0 ], [ -118.359744, 34.18488, 0.0 ], [ -118.360003, 34.186593, 0.0 ], [ -118.361116, 34.194385, 0.0 ], [ -118.370313, 34.196379, 0.0 ], [ -118.370312, 34.201197, 0.0 ], [ -118.365812, 34.201196, 0.0 ], [ -118.362171, 34.201419, 0.0 ], [ -118.362686, 34.204826, 0.0 ], [ -118.362987, 34.206818, 0.0 ], [ -118.350369, 34.206672, 0.0 ], [ -118.34971, 34.206662, 0.0 ], [ -118.343007, 34.206557, 0.0 ], [ -118.341347, 34.206527, 0.0 ], [ -118.33993, 34.206503, 0.0 ], [ -118.339567, 34.211301, 0.0 ], [ -118.334546, 34.215618, 0.0 ], [ -118.335599, 34.217674, 0.0 ], [ -118.337462, 34.221312, 0.0 ], [ -118.328899, 34.221378, 0.0 ], [ -118.292761, 34.221654, 0.0 ], [ -118.266871, 34.221846, 0.0 ], [ -118.266807, 34.230677, 0.0 ], [ -118.266803, 34.231235, 0.0 ], [ -118.266784, 34.233889, 0.0 ], [ -118.266781, 34.234236, 0.0 ], [ -118.266775, 34.234988, 0.0 ], [ -118.266773, 34.235319, 0.0 ], [ -118.266733, 34.240796, 0.0 ], [ -118.266024, 34.240356, 0.0 ], [ -118.265999, 34.243892, 0.0 ], [ -118.266672, 34.250779, 0.0 ], [ -118.265295, 34.250402, 0.0 ], [ -118.265264, 34.25238, 0.0 ], [ -118.2565, 34.252266, 0.0 ], [ -118.25669, 34.26719, 0.0 ], [ -118.238487, 34.26709, 0.0 ], [ -118.23845, 34.280649, 0.0 ], [ -118.238453, 34.281581, 0.0 ], [ -118.273697, 34.28197, 0.0 ], [ -118.273812, 34.278389, 0.0 ], [ -118.28669, 34.278491, 0.0 ], [ -118.286307, 34.292075, 0.0 ], [ -118.286284, 34.292776, 0.0 ], [ -118.290617, 34.29284, 0.0 ], [ -118.299486, 34.293353, 0.0 ], [ -118.299522, 34.286141, 0.0 ], [ -118.326914, 34.28606, 0.0 ], [ -118.326831, 34.282435, 0.0 ], [ -118.351729, 34.282475, 0.0 ], [ -118.351734, 34.279435, 0.0 ], [ -118.351735, 34.278833, 0.0 ], [ -118.354708, 34.278848, 0.0 ], [ -118.364279, 34.280765, 0.0 ], [ -118.367281, 34.280589, 0.0 ], [ -118.369515, 34.283462, 0.0 ], [ -118.370754, 34.282117, 0.0 ], [ -118.37135, 34.282343, 0.0 ], [ -118.370495, 34.283813, 0.0 ], [ -118.369838, 34.286127, 0.0 ], [ -118.373517, 34.286146, 0.0 ], [ -118.373519, 34.283166, 0.0 ], [ -118.372637, 34.282832, 0.0 ], [ -118.374675, 34.282827, 0.0 ], [ -118.374801, 34.28366, 0.0 ], [ -118.376547, 34.283435, 0.0 ], [ -118.377103, 34.283364, 0.0 ], [ -118.381859, 34.283897, 0.0 ], [ -118.385762, 34.284817, 0.0 ], [ -118.384619, 34.289731, 0.0 ], [ -118.386916, 34.289734, 0.0 ], [ -118.386859, 34.291532, 0.0 ], [ -118.382372, 34.291526, 0.0 ], [ -118.382938, 34.293965, 0.0 ], [ -118.382878, 34.296956, 0.0 ], [ -118.387379, 34.296943, 0.0 ], [ -118.387396, 34.29878, 0.0 ], [ -118.393905, 34.298797, 0.0 ], [ -118.393926, 34.296979, 0.0 ], [ -118.396743, 34.296983, 0.0 ], [ -118.396984, 34.293348, 0.0 ], [ -118.399731, 34.293418, 0.0 ], [ -118.400294, 34.292431, 0.0 ], [ -118.400631, 34.291351, 0.0 ], [ -118.400906, 34.290143, 0.0 ], [ -118.400807, 34.288582, 0.0 ], [ -118.401143, 34.28845, 0.0 ], [ -118.40124, 34.287972, 0.0 ], [ -118.401588, 34.286423, 0.0 ], [ -118.406168, 34.285927, 0.0 ], [ -118.40749, 34.287184, 0.0 ], [ -118.4094, 34.289012, 0.0 ], [ -118.410294, 34.291071, 0.0 ], [ -118.40896, 34.291808, 0.0 ], [ -118.409072, 34.293659, 0.0 ], [ -118.403508, 34.293513, 0.0 ], [ -118.40346, 34.297106, 0.0 ], [ -118.401205, 34.297065, 0.0 ], [ -118.401052, 34.30067, 0.0 ], [ -118.4056, 34.300726, 0.0 ], [ -118.405469, 34.307912, 0.0 ], [ -118.403751, 34.307917, 0.0 ], [ -118.403881, 34.31005, 0.0 ], [ -118.403016, 34.309389, 0.0 ], [ -118.400904, 34.310027, 0.0 ], [ -118.40079, 34.316324, 0.0 ], [ -118.400786, 34.316436, 0.0 ], [ -118.399719, 34.316461, 0.0 ], [ -118.39653, 34.317419, 0.0 ], [ -118.396891, 34.319814, 0.0 ], [ -118.400663, 34.319542, 0.0 ], [ -118.403921, 34.321725, 0.0 ], [ -118.404912, 34.322077, 0.0 ], [ -118.405113, 34.327595, 0.0 ], [ -118.405202, 34.329811, 0.0 ], [ -118.413579, 34.329881, 0.0 ], [ -118.413585, 34.327408, 0.0 ], [ -118.412207, 34.325904, 0.0 ], [ -118.413591, 34.32469, 0.0 ], [ -118.41714, 34.324948, 0.0 ], [ -118.420751, 34.325573, 0.0 ], [ -118.420741, 34.327723, 0.0 ], [ -118.418696, 34.329464, 0.0 ], [ -118.41901, 34.329881, 0.0 ], [ -118.430036, 34.329879, 0.0 ], [ -118.445912, 34.329938, 0.0 ], [ -118.459664, 34.33002, 0.0 ], [ -118.468863, 34.330091, 0.0 ], [ -118.484403, 34.330279, 0.0 ], [ -118.492967, 34.330773, 0.0 ], [ -118.504007, 34.337157, 0.0 ], [ -118.507364, 34.334625, 0.0 ], [ -118.508341, 34.33389, 0.0 ], [ -118.521809, 34.323727, 0.0 ], [ -118.525651, 34.320832, 0.0 ], [ -118.534011, 34.314531, 0.0 ], [ -118.543439, 34.316681, 0.0 ], [ -118.546296, 34.317332, 0.0 ], [ -118.545511, 34.315658, 0.0 ], [ -118.547095, 34.313346, 0.0 ], [ -118.543672, 34.305715, 0.0 ], [ -118.544296, 34.30394, 0.0 ], [ -118.543335, 34.303258, 0.0 ], [ -118.540943, 34.298794, 0.0 ], [ -118.546701, 34.297867, 0.0 ], [ -118.551246, 34.296778, 0.0 ], [ -118.554034, 34.296414, 0.0 ], [ -118.557391, 34.299243, 0.0 ], [ -118.559767, 34.299192, 0.0 ], [ -118.562096, 34.29879, 0.0 ], [ -118.566445, 34.295392, 0.0 ], [ -118.56742, 34.294953, 0.0 ], [ -118.570146, 34.295355, 0.0 ], [ -118.571762, 34.298619, 0.0 ], [ -118.585091, 34.303478, 0.0 ], [ -118.587183, 34.303094, 0.0 ], [ -118.591624, 34.2875, 0.0 ], [ -118.5909, 34.28298, 0.0 ], [ -118.59217, 34.282357, 0.0 ], [ -118.591699, 34.28023, 0.0 ], [ -118.592572, 34.278037, 0.0 ], [ -118.596208, 34.274521, 0.0 ], [ -118.604145, 34.277465, 0.0 ], [ -118.605647, 34.277756, 0.0 ], [ -118.607336, 34.277744, 0.0 ], [ -118.616705, 34.276459, 0.0 ], [ -118.622571, 34.275642, 0.0 ], [ -118.625844, 34.27481, 0.0 ], [ -118.629563, 34.272694, 0.0 ], [ -118.633461, 34.269522, 0.0 ], [ -118.633281, 34.268322, 0.0 ], [ -118.632546, 34.263351, 0.0 ], [ -118.632602, 34.25493, 0.0 ], [ -118.632537, 34.241948, 0.0 ], [ -118.632494, 34.240391, 0.0 ], [ -118.632444, 34.238572, 0.0 ], [ -118.629954, 34.238578, 0.0 ], [ -118.631463, 34.237018, 0.0 ], [ -118.646981, 34.238082, 0.0 ], [ -118.647753, 34.234983, 0.0 ], [ -118.648695, 34.231201, 0.0 ], [ -118.649712, 34.227115, 0.0 ], [ -118.654047, 34.227109, 0.0 ], [ -118.654052, 34.223495, 0.0 ], [ -118.65839, 34.223495, 0.0 ], [ -118.658392, 34.222265, 0.0 ], [ -118.6584, 34.216568, 0.0 ], [ -118.652338, 34.216568, 0.0 ], [ -118.65324, 34.212946, 0.0 ], [ -118.662741, 34.212899, 0.0 ], [ -118.662764, 34.209343, 0.0 ], [ -118.667799, 34.209329, 0.0 ], [ -118.667805, 34.20677, 0.0 ], [ -118.667807, 34.205795, 0.0 ], [ -118.667965, 34.199629, 0.0 ], [ -118.667977, 34.199159, 0.0 ], [ -118.668084, 34.194972, 0.0 ], [ -118.658473, 34.194962, 0.0 ], [ -118.65848, 34.196762, 0.0 ], [ -118.656606, 34.196757, 0.0 ], [ -118.656638, 34.19649, 0.0 ], [ -118.65702, 34.192001, 0.0 ], [ -118.656192, 34.190358, 0.0 ], [ -118.657449, 34.189818, 0.0 ], [ -118.659511, 34.189275, 0.0 ], [ -118.66814, 34.191331, 0.0 ], [ -118.668162, 34.184141, 0.0 ] ], [ [ -118.468257, 34.062513, 0.0 ], [ -118.468893, 34.065871, 0.0 ], [ -118.466731, 34.067708, 0.0 ], [ -118.463723, 34.065537, 0.0 ], [ -118.4632, 34.065066, 0.0 ], [ -118.4611, 34.060046, 0.0 ], [ -118.458781, 34.058073, 0.0 ], [ -118.455455, 34.060066, 0.0 ], [ -118.455161, 34.060243, 0.0 ], [ -118.459623, 34.065445, 0.0 ], [ -118.454681, 34.066799, 0.0 ], [ -118.4544, 34.065597, 0.0 ], [ -118.453126, 34.063998, 0.0 ], [ -118.452047, 34.062834, 0.0 ], [ -118.447715, 34.057721, 0.0 ], [ -118.446284, 34.05606, 0.0 ], [ -118.445624, 34.055295, 0.0 ], [ -118.449087, 34.053351, 0.0 ], [ -118.449095, 34.051996, 0.0 ], [ -118.448359, 34.049367, 0.0 ], [ -118.450989, 34.047796, 0.0 ], [ -118.451941, 34.047228, 0.0 ], [ -118.452222, 34.04706, 0.0 ], [ -118.454074, 34.049212, 0.0 ], [ -118.456576, 34.047717, 0.0 ], [ -118.457089, 34.048312, 0.0 ], [ -118.459221, 34.050785, 0.0 ], [ -118.460731, 34.052514, 0.0 ], [ -118.461805, 34.053744, 0.0 ], [ -118.464599, 34.056974, 0.0 ], [ -118.465581, 34.058159, 0.0 ], [ -118.467953, 34.06091, 0.0 ], [ -118.468257, 34.062513, 0.0 ] ], [ [ -118.461975, 33.979366, 0.0 ], [ -118.46348, 33.981049, 0.0 ], [ -118.458624, 33.984141, 0.0 ], [ -118.456348, 33.98559, 0.0 ], [ -118.455051, 33.986416, 0.0 ], [ -118.44622, 33.98426, 0.0 ], [ -118.441604, 33.98338, 0.0 ], [ -118.439221, 33.980761, 0.0 ], [ -118.432808, 33.975761, 0.0 ], [ -118.432259, 33.975016, 0.0 ], [ -118.433565, 33.974274, 0.0 ], [ -118.451301, 33.964231, 0.0 ], [ -118.451606, 33.964685, 0.0 ], [ -118.452251, 33.965644, 0.0 ], [ -118.453193, 33.967045, 0.0 ], [ -118.454532, 33.969839, 0.0 ], [ -118.457478, 33.973786, 0.0 ], [ -118.4618, 33.978275, 0.0 ], [ -118.4619, 33.978906, 0.0 ], [ -118.461975, 33.979366, 0.0 ] ], [ [ -118.456008, 34.284903, 0.0 ], [ -118.452522, 34.287494, 0.0 ], [ -118.451352, 34.288326, 0.0 ], [ -118.449441, 34.289699, 0.0 ], [ -118.448813, 34.291463, 0.0 ], [ -118.44702, 34.293053, 0.0 ], [ -118.4455, 34.294406, 0.0 ], [ -118.444781, 34.293803, 0.0 ], [ -118.442547, 34.295923, 0.0 ], [ -118.441788, 34.296467, 0.0 ], [ -118.438821, 34.299112, 0.0 ], [ -118.432863, 34.304425, 0.0 ], [ -118.42925, 34.30177, 0.0 ], [ -118.426354, 34.299041, 0.0 ], [ -118.423467, 34.296322, 0.0 ], [ -118.421401, 34.294375, 0.0 ], [ -118.418562, 34.296451, 0.0 ], [ -118.415792, 34.293841, 0.0 ], [ -118.418632, 34.291764, 0.0 ], [ -118.417448, 34.290119, 0.0 ], [ -118.420729, 34.287727, 0.0 ], [ -118.424018, 34.285327, 0.0 ], [ -118.427291, 34.28294, 0.0 ], [ -118.430569, 34.280549, 0.0 ], [ -118.432705, 34.278497, 0.0 ], [ -118.433614, 34.277816, 0.0 ], [ -118.433992, 34.27787, 0.0 ], [ -118.435695, 34.279295, 0.0 ], [ -118.442021, 34.274573, 0.0 ], [ -118.443734, 34.27331, 0.0 ], [ -118.447048, 34.276442, 0.0 ], [ -118.451127, 34.280296, 0.0 ], [ -118.452347, 34.281454, 0.0 ], [ -118.456008, 34.284903, 0.0 ] ], [ [ -118.447178, 33.990759, 0.0 ], [ -118.448472, 33.993359, 0.0 ], [ -118.445053, 33.994282, 0.0 ], [ -118.44335, 33.995317, 0.0 ], [ -118.442457, 33.993599, 0.0 ], [ -118.437575, 33.996036, 0.0 ], [ -118.435307, 33.996899, 0.0 ], [ -118.43472, 33.997206, 0.0 ], [ -118.4335, 33.997847, 0.0 ], [ -118.430327, 33.999446, 0.0 ], [ -118.430836, 34.000102, 0.0 ], [ -118.428489, 34.001344, 0.0 ], [ -118.42651, 33.998732, 0.0 ], [ -118.42598, 33.99807, 0.0 ], [ -118.4217, 33.998537, 0.0 ], [ -118.421054, 33.998608, 0.0 ], [ -118.420624, 33.998655, 0.0 ], [ -118.420052, 33.998965, 0.0 ], [ -118.419711, 33.999381, 0.0 ], [ -118.418239, 34.000619, 0.0 ], [ -118.421249, 34.004422, 0.0 ], [ -118.420518, 34.004862, 0.0 ], [ -118.417344, 34.006749, 0.0 ], [ -118.41923, 34.009103, 0.0 ], [ -118.421411, 34.010324, 0.0 ], [ -118.419628, 34.011319, 0.0 ], [ -118.418456, 34.011984, 0.0 ], [ -118.418235, 34.012109, 0.0 ], [ -118.417094, 34.012788, 0.0 ], [ -118.412762, 34.015263, 0.0 ], [ -118.410835, 34.016352, 0.0 ], [ -118.408678, 34.017539, 0.0 ], [ -118.406864, 34.018574, 0.0 ], [ -118.40546, 34.016854, 0.0 ], [ -118.405222, 34.017026, 0.0 ], [ -118.402514, 34.018641, 0.0 ], [ -118.400442, 34.019993, 0.0 ], [ -118.400608, 34.021472, 0.0 ], [ -118.397455, 34.021662, 0.0 ], [ -118.397535, 34.021738, 0.0 ], [ -118.39835, 34.022917, 0.0 ], [ -118.394706, 34.025002, 0.0 ], [ -118.393479, 34.025386, 0.0 ], [ -118.391544, 34.026893, 0.0 ], [ -118.38776, 34.029064, 0.0 ], [ -118.384206, 34.030214, 0.0 ], [ -118.381522, 34.030923, 0.0 ], [ -118.379693, 34.031407, 0.0 ], [ -118.37872, 34.031665, 0.0 ], [ -118.375919, 34.032417, 0.0 ], [ -118.369577, 34.03508, 0.0 ], [ -118.370767, 34.032442, 0.0 ], [ -118.371901, 34.029929, 0.0 ], [ -118.373643, 34.030421, 0.0 ], [ -118.37622, 34.028646, 0.0 ], [ -118.376964, 34.0269, 0.0 ], [ -118.377029, 34.026626, 0.0 ], [ -118.376643, 34.026008, 0.0 ], [ -118.376369, 34.025849, 0.0 ], [ -118.376697, 34.023988, 0.0 ], [ -118.376981, 34.023708, 0.0 ], [ -118.377569, 34.022436, 0.0 ], [ -118.377952, 34.02197, 0.0 ], [ -118.377927, 34.021245, 0.0 ], [ -118.381315, 34.020567, 0.0 ], [ -118.377507, 34.017989, 0.0 ], [ -118.372675, 34.018357, 0.0 ], [ -118.374079, 34.014851, 0.0 ], [ -118.373093, 34.011913, 0.0 ], [ -118.372649, 34.015839, 0.0 ], [ -118.366719, 34.015622, 0.0 ], [ -118.367173, 34.007088, 0.0 ], [ -118.365027, 34.005555, 0.0 ], [ -118.362656, 34.006316, 0.0 ], [ -118.361436, 34.008332, 0.0 ], [ -118.357543, 34.009145, 0.0 ], [ -118.357458, 34.007635, 0.0 ], [ -118.359125, 34.001477, 0.0 ], [ -118.358191, 33.99927, 0.0 ], [ -118.357805, 33.997145, 0.0 ], [ -118.355936, 34.000621, 0.0 ], [ -118.353768, 34.002348, 0.0 ], [ -118.351049, 34.004693, 0.0 ], [ -118.34736, 34.004654, 0.0 ], [ -118.342072, 34.004542, 0.0 ], [ -118.341225, 34.004772, 0.0 ], [ -118.340844, 34.00495, 0.0 ], [ -118.339233, 34.005864, 0.0 ], [ -118.337948, 34.006489, 0.0 ], [ -118.335688, 34.008258, 0.0 ], [ -118.334984, 34.006115, 0.0 ], [ -118.332473, 34.003393, 0.0 ], [ -118.331485, 34.001492, 0.0 ], [ -118.331491, 34.000006, 0.0 ], [ -118.332165, 33.996331, 0.0 ], [ -118.336654, 33.996311, 0.0 ], [ -118.337282, 33.996308, 0.0 ], [ -118.337269, 33.993076, 0.0 ], [ -118.337265, 33.988986, 0.0 ], [ -118.33775, 33.988487, 0.0 ], [ -118.342476, 33.988471, 0.0 ], [ -118.343923, 33.989404, 0.0 ], [ -118.344857, 33.989396, 0.0 ], [ -118.346115, 33.989387, 0.0 ], [ -118.352681, 33.989335, 0.0 ], [ -118.352681, 33.988877, 0.0 ], [ -118.352682, 33.987061, 0.0 ], [ -118.352683, 33.983059, 0.0 ], [ -118.355322, 33.983055, 0.0 ], [ -118.358462, 33.983042, 0.0 ], [ -118.36126, 33.983034, 0.0 ], [ -118.370425, 33.983006, 0.0 ], [ -118.371805, 33.982058, 0.0 ], [ -118.371802, 33.979847, 0.0 ], [ -118.371809, 33.977318, 0.0 ], [ -118.377184, 33.97702, 0.0 ], [ -118.378191, 33.976813, 0.0 ], [ -118.380514, 33.976358, 0.0 ], [ -118.385419, 33.976658, 0.0 ], [ -118.386404, 33.97709, 0.0 ], [ -118.386602, 33.976696, 0.0 ], [ -118.386654, 33.976907, 0.0 ], [ -118.390919, 33.978942, 0.0 ], [ -118.392628, 33.979744, 0.0 ], [ -118.3931, 33.979934, 0.0 ], [ -118.394658, 33.980666, 0.0 ], [ -118.397635, 33.982093, 0.0 ], [ -118.398363, 33.983205, 0.0 ], [ -118.396034, 33.983638, 0.0 ], [ -118.395085, 33.983818, 0.0 ], [ -118.394895, 33.983854, 0.0 ], [ -118.395267, 33.984232, 0.0 ], [ -118.395851, 33.984913, 0.0 ], [ -118.398668, 33.988015, 0.0 ], [ -118.399182, 33.987678, 0.0 ], [ -118.401239, 33.986386, 0.0 ], [ -118.402975, 33.987441, 0.0 ], [ -118.406203, 33.989404, 0.0 ], [ -118.405149, 33.990501, 0.0 ], [ -118.407709, 33.992031, 0.0 ], [ -118.407856, 33.992117, 0.0 ], [ -118.405887, 33.992982, 0.0 ], [ -118.405033, 33.994595, 0.0 ], [ -118.404812, 33.994714, 0.0 ], [ -118.404552, 33.994855, 0.0 ], [ -118.402815, 33.995833, 0.0 ], [ -118.40241, 33.996563, 0.0 ], [ -118.400448, 34.001436, 0.0 ], [ -118.399813, 34.00163, 0.0 ], [ -118.400175, 34.00204, 0.0 ], [ -118.402768, 34.003465, 0.0 ], [ -118.405889, 33.999236, 0.0 ], [ -118.409304, 34.000919, 0.0 ], [ -118.40951, 34.000655, 0.0 ], [ -118.41198, 34.00199, 0.0 ], [ -118.41436, 34.003662, 0.0 ], [ -118.417195, 33.99976, 0.0 ], [ -118.417401, 33.999626, 0.0 ], [ -118.419016, 33.998037, 0.0 ], [ -118.419381, 33.997755, 0.0 ], [ -118.420045, 33.997494, 0.0 ], [ -118.423706, 33.997071, 0.0 ], [ -118.428038, 33.996599, 0.0 ], [ -118.430047, 33.996428, 0.0 ], [ -118.431102, 33.996381, 0.0 ], [ -118.430787, 33.994235, 0.0 ], [ -118.430476, 33.992125, 0.0 ], [ -118.430182, 33.990125, 0.0 ], [ -118.429717, 33.989756, 0.0 ], [ -118.430874, 33.989192, 0.0 ], [ -118.432463, 33.991453, 0.0 ], [ -118.437174, 33.995276, 0.0 ], [ -118.440407, 33.993657, 0.0 ], [ -118.442122, 33.992964, 0.0 ], [ -118.447023, 33.990519, 0.0 ], [ -118.447178, 33.990759, 0.0 ] ], [ [ -118.427031, 34.089684, 0.0 ], [ -118.427041, 34.090631, 0.0 ], [ -118.424145, 34.090639, 0.0 ], [ -118.424098, 34.090449, 0.0 ], [ -118.423979, 34.090462, 0.0 ], [ -118.423738, 34.090399, 0.0 ], [ -118.423592, 34.090505, 0.0 ], [ -118.423075, 34.090562, 0.0 ], [ -118.422972, 34.090642, 0.0 ], [ -118.422294, 34.094273, 0.0 ], [ -118.420426, 34.094266, 0.0 ], [ -118.413934, 34.094268, 0.0 ], [ -118.413831, 34.094096, 0.0 ], [ -118.413077, 34.093415, 0.0 ], [ -118.412695, 34.093, 0.0 ], [ -118.412348, 34.092734, 0.0 ], [ -118.411969, 34.092479, 0.0 ], [ -118.411883, 34.092244, 0.0 ], [ -118.409626, 34.094704, 0.0 ], [ -118.408641, 34.097147, 0.0 ], [ -118.408694, 34.101508, 0.0 ], [ -118.40541, 34.101461, 0.0 ], [ -118.40532, 34.0963, 0.0 ], [ -118.403122, 34.094304, 0.0 ], [ -118.400888, 34.093994, 0.0 ], [ -118.401038, 34.108744, 0.0 ], [ -118.398672, 34.108752, 0.0 ], [ -118.400073, 34.110935, 0.0 ], [ -118.399203, 34.111487, 0.0 ], [ -118.396584, 34.112414, 0.0 ], [ -118.391583, 34.112426, 0.0 ], [ -118.390574, 34.109203, 0.0 ], [ -118.391315, 34.107417, 0.0 ], [ -118.392381, 34.106313, 0.0 ], [ -118.3921, 34.10608, 0.0 ], [ -118.392084, 34.099054, 0.0 ], [ -118.392557, 34.098499, 0.0 ], [ -118.395412, 34.096173, 0.0 ], [ -118.396506, 34.096182, 0.0 ], [ -118.396504, 34.095066, 0.0 ], [ -118.396449, 34.095065, 0.0 ], [ -118.396154, 34.095163, 0.0 ], [ -118.396112, 34.095066, 0.0 ], [ -118.396031, 34.095013, 0.0 ], [ -118.395914, 34.095013, 0.0 ], [ -118.395853, 34.09435, 0.0 ], [ -118.395844, 34.091055, 0.0 ], [ -118.386561, 34.091039, 0.0 ], [ -118.38553, 34.093203, 0.0 ], [ -118.385038, 34.093558, 0.0 ], [ -118.38446, 34.093587, 0.0 ], [ -118.38337, 34.093724, 0.0 ], [ -118.381183, 34.093323, 0.0 ], [ -118.381181, 34.092104, 0.0 ], [ -118.379881, 34.092683, 0.0 ], [ -118.379107, 34.093066, 0.0 ], [ -118.377385, 34.094212, 0.0 ], [ -118.372736, 34.095623, 0.0 ], [ -118.368961, 34.09781, 0.0 ], [ -118.368168, 34.097087, 0.0 ], [ -118.365946, 34.097119, 0.0 ], [ -118.361652, 34.097178, 0.0 ], [ -118.361541, 34.094535, 0.0 ], [ -118.361542, 34.094455, 0.0 ], [ -118.358166, 34.094431, 0.0 ], [ -118.356664, 34.09442, 0.0 ], [ -118.354998, 34.094409, 0.0 ], [ -118.353908, 34.094401, 0.0 ], [ -118.351728, 34.094385, 0.0 ], [ -118.349537, 34.094368, 0.0 ], [ -118.347906, 34.094356, 0.0 ], [ -118.347158, 34.09435, 0.0 ], [ -118.344086, 34.094327, 0.0 ], [ -118.343382, 34.094328, 0.0 ], [ -118.34338, 34.090699, 0.0 ], [ -118.343388, 34.088928, 0.0 ], [ -118.344059, 34.088893, 0.0 ], [ -118.348663, 34.08893, 0.0 ], [ -118.352802, 34.088962, 0.0 ], [ -118.3528, 34.087129, 0.0 ], [ -118.353233, 34.087132, 0.0 ], [ -118.354273, 34.08714, 0.0 ], [ -118.357395, 34.087166, 0.0 ], [ -118.361443, 34.087201, 0.0 ], [ -118.362712, 34.088787, 0.0 ], [ -118.365903, 34.088932, 0.0 ], [ -118.366961, 34.087133, 0.0 ], [ -118.369088, 34.087101, 0.0 ], [ -118.370233, 34.087084, 0.0 ], [ -118.37023, 34.085609, 0.0 ], [ -118.372485, 34.085438, 0.0 ], [ -118.372494, 34.088838, 0.0 ], [ -118.372498, 34.090256, 0.0 ], [ -118.373174, 34.090149, 0.0 ], [ -118.373272, 34.090052, 0.0 ], [ -118.376409, 34.088922, 0.0 ], [ -118.376951, 34.08863, 0.0 ], [ -118.377006, 34.084849, 0.0 ], [ -118.377033, 34.08304, 0.0 ], [ -118.370302, 34.083157, 0.0 ], [ -118.370294, 34.080169, 0.0 ], [ -118.374209, 34.080161, 0.0 ], [ -118.374202, 34.082019, 0.0 ], [ -118.375264, 34.080159, 0.0 ], [ -118.377248, 34.080207, 0.0 ], [ -118.377167, 34.076592, 0.0 ], [ -118.378802, 34.07639, 0.0 ], [ -118.379401, 34.076391, 0.0 ], [ -118.380483, 34.076688, 0.0 ], [ -118.38372, 34.07643, 0.0 ], [ -118.387724, 34.076471, 0.0 ], [ -118.389733, 34.07649, 0.0 ], [ -118.39034, 34.076502, 0.0 ], [ -118.390709, 34.07356, 0.0 ], [ -118.390704, 34.072083, 0.0 ], [ -118.389701, 34.072078, 0.0 ], [ -118.386744, 34.072083, 0.0 ], [ -118.383764, 34.072122, 0.0 ], [ -118.383728, 34.069684, 0.0 ], [ -118.382669, 34.069688, 0.0 ], [ -118.376182, 34.069336, 0.0 ], [ -118.375755, 34.070097, 0.0 ], [ -118.372258, 34.064245, 0.0 ], [ -118.372244, 34.0622, 0.0 ], [ -118.376164, 34.0596, 0.0 ], [ -118.377268, 34.059522, 0.0 ], [ -118.37733, 34.062954, 0.0 ], [ -118.3803, 34.062946, 0.0 ], [ -118.383534, 34.062937, 0.0 ], [ -118.383615, 34.059366, 0.0 ], [ -118.383666, 34.057099, 0.0 ], [ -118.387783, 34.057091, 0.0 ], [ -118.389853, 34.057085, 0.0 ], [ -118.391796, 34.057087, 0.0 ], [ -118.393862, 34.057089, 0.0 ], [ -118.396675, 34.057092, 0.0 ], [ -118.39908, 34.057035, 0.0 ], [ -118.39908, 34.057096, 0.0 ], [ -118.40227, 34.056886, 0.0 ], [ -118.402463, 34.057099, 0.0 ], [ -118.403455, 34.057023, 0.0 ], [ -118.403993, 34.057101, 0.0 ], [ -118.405658, 34.057104, 0.0 ], [ -118.405922, 34.057104, 0.0 ], [ -118.405925, 34.055668, 0.0 ], [ -118.40591, 34.055624, 0.0 ], [ -118.405285, 34.054402, 0.0 ], [ -118.405725, 34.053294, 0.0 ], [ -118.406106, 34.052781, 0.0 ], [ -118.406323, 34.053081, 0.0 ], [ -118.410696, 34.059177, 0.0 ], [ -118.411551, 34.060425, 0.0 ], [ -118.412204, 34.060101, 0.0 ], [ -118.413664, 34.0634, 0.0 ], [ -118.414344, 34.064324, 0.0 ], [ -118.416319, 34.067079, 0.0 ], [ -118.416392, 34.068866, 0.0 ], [ -118.418462, 34.072361, 0.0 ], [ -118.419642, 34.072652, 0.0 ], [ -118.420928, 34.075428, 0.0 ], [ -118.421839, 34.075093, 0.0 ], [ -118.422546, 34.075273, 0.0 ], [ -118.423289, 34.075689, 0.0 ], [ -118.42286, 34.076898, 0.0 ], [ -118.423049, 34.077242, 0.0 ], [ -118.423606, 34.079251, 0.0 ], [ -118.422863, 34.079933, 0.0 ], [ -118.422778, 34.083093, 0.0 ], [ -118.424358, 34.083109, 0.0 ], [ -118.426962, 34.083044, 0.0 ], [ -118.426968, 34.083614, 0.0 ], [ -118.427031, 34.089684, 0.0 ] ], [ [ -118.417542, 34.107897, 0.0 ], [ -118.417497, 34.111985, 0.0 ], [ -118.417491, 34.112497, 0.0 ], [ -118.416628, 34.112506, 0.0 ], [ -118.416074, 34.112514, 0.0 ], [ -118.416041, 34.112512, 0.0 ], [ -118.415869, 34.111964, 0.0 ], [ -118.413969, 34.110727, 0.0 ], [ -118.411789, 34.110697, 0.0 ], [ -118.411809, 34.108883, 0.0 ], [ -118.409735, 34.108854, 0.0 ], [ -118.409751, 34.105152, 0.0 ], [ -118.41739, 34.105199, 0.0 ], [ -118.417542, 34.107897, 0.0 ] ], [ [ -118.414732, 33.984017, 0.0 ], [ -118.413419, 33.984966, 0.0 ], [ -118.409182, 33.981329, 0.0 ], [ -118.409086, 33.981247, 0.0 ], [ -118.409928, 33.98088, 0.0 ], [ -118.409987, 33.980978, 0.0 ], [ -118.412461, 33.980297, 0.0 ], [ -118.414732, 33.984017, 0.0 ] ], [ [ -118.362151, 34.139028, 0.0 ], [ -118.360958, 34.141136, 0.0 ], [ -118.361267, 34.142686, 0.0 ], [ -118.359373, 34.143094, 0.0 ], [ -118.353922, 34.14299, 0.0 ], [ -118.347053, 34.141965, 0.0 ], [ -118.345017, 34.142397, 0.0 ], [ -118.34323, 34.138214, 0.0 ], [ -118.344213, 34.136061, 0.0 ], [ -118.346157, 34.134688, 0.0 ], [ -118.348453, 34.132885, 0.0 ], [ -118.348775, 34.131386, 0.0 ], [ -118.351998, 34.134193, 0.0 ], [ -118.356989, 34.135041, 0.0 ], [ -118.357828, 34.137986, 0.0 ], [ -118.358866, 34.138045, 0.0 ], [ -118.357344, 34.138311, 0.0 ], [ -118.35776, 34.139436, 0.0 ], [ -118.362151, 34.139028, 0.0 ] ], [ [ -118.358352, 34.075678, 0.0 ], [ -118.358372, 34.076118, 0.0 ], [ -118.357561, 34.076121, 0.0 ], [ -118.357562, 34.075686, 0.0 ], [ -118.358352, 34.075678, 0.0 ] ], [ [ -118.30915, 33.737916, 0.0 ], [ -118.308682, 33.741621, 0.0 ], [ -118.304257, 33.741527, 0.0 ], [ -118.304264, 33.739961, 0.0 ], [ -118.302063, 33.73931, 0.0 ], [ -118.301655, 33.74152, 0.0 ], [ -118.301667, 33.743334, 0.0 ], [ -118.299508, 33.743345, 0.0 ], [ -118.298912, 33.744144, 0.0 ], [ -118.298005, 33.743352, 0.0 ], [ -118.296714, 33.743318, 0.0 ], [ -118.29673, 33.739693, 0.0 ], [ -118.296739, 33.737878, 0.0 ], [ -118.298947, 33.737879, 0.0 ], [ -118.301143, 33.737868, 0.0 ], [ -118.307743, 33.737915, 0.0 ], [ -118.30915, 33.737916, 0.0 ] ], [ [ -118.299215, 33.847292, 0.0 ], [ -118.299222, 33.858315, 0.0 ], [ -118.297033, 33.858317, 0.0 ], [ -118.297035, 33.847284, 0.0 ], [ -118.299215, 33.847292, 0.0 ] ] ] } },
{ "type": "Feature", "properties": { "city": "Malibu", "leading_firm": "COMPASS", "volume_firm": 915095574.0, "volume_city": 2383208536.0, "percent_share": "38.40%" }, "geometry": { "type": "Polygon", "coordinates": [ [ [ -118.923517, 34.046764, 0.0 ], [ -118.923682048211006, 34.045690838355497, 0.0 ], [ -118.919784, 34.044221, 0.0 ], [ -118.915126, 34.0417, 0.0 ], [ -118.909897, 34.042291, 0.0 ], [ -118.906522, 34.041818, 0.0 ], [ -118.903432, 34.041857, 0.0 ], [ -118.89553, 34.03936, 0.0 ], [ -118.875902, 34.038245, 0.0 ], [ -118.861927, 34.034867, 0.0 ], [ -118.860456, 34.035563, 0.0 ], [ -118.854908, 34.034919, 0.0 ], [ -118.846292, 34.031244, 0.0 ], [ -118.842381366864998, 34.029256580333097, 0.0 ], [ -118.839714, 34.027901, 0.0 ], [ -118.828248946293002, 34.019653035259999, 0.0 ], [ -118.824436, 34.01691, 0.0 ], [ -118.821494, 34.015011, 0.0 ], [ -118.820885541169005, 34.014455004025599, 0.0 ], [ -118.812668, 34.006946, 0.0 ], [ -118.808465, 34.001963, 0.0 ], [ -118.806552, 34.000448, 0.0 ], [ -118.805114, 34.001239, 0.0 ], [ -118.805102, 34.002521, 0.0 ], [ -118.802959, 34.005639, 0.0 ], [ -118.799533, 34.006841, 0.0 ], [ -118.795414, 34.007016, 0.0 ], [ -118.793859, 34.008653, 0.0 ], [ -118.794385, 34.010047, 0.0 ], [ -118.789972, 34.017119, 0.0 ], [ -118.787136184781005, 34.019587980976503, 0.0 ], [ -118.785411, 34.02109, 0.0 ], [ -118.78125, 34.022588, 0.0 ], [ -118.767741, 34.025231, 0.0 ], [ -118.756402, 34.025719, 0.0 ], [ -118.752339, 34.030076, 0.0 ], [ -118.749901319486, 34.030775200499903, 0.0 ], [ -118.742354, 34.03294, 0.0 ], [ -118.734953, 34.033265, 0.0 ], [ -118.719079, 34.031386, 0.0 ], [ -118.714543, 34.031471, 0.0 ], [ -118.714135669282001, 34.031376583523603, 0.0 ], [ -118.70673, 34.02966, 0.0 ], [ -118.694896, 34.032838, 0.0 ], [ -118.690175, 34.032308, 0.0 ], [ -118.683124, 34.030822, 0.0 ], [ -118.6803, 34.032052, 0.0 ], [ -118.678238, 34.035879, 0.0 ], [ -118.675208, 34.037673, 0.0 ], [ -118.671023, 34.038817, 0.0 ], [ -118.663024, 34.039125, 0.0 ], [ -118.649025, 34.037639, 0.0 ], [ -118.647129, 34.038373, 0.0 ], [ -118.636451388688997, 34.036417627243303, 0.0 ], [ -118.635749, 34.036289, 0.0 ], [ -118.634054, 34.037093, 0.0 ], [ -118.626968, 34.037022, 0.0 ], [ -118.624103, 34.037914, 0.0 ], [ -118.609652, 34.036424, 0.0 ], [ -118.603572, 34.039048, 0.0 ], [ -118.592815, 34.03986, 0.0 ], [ -118.584577577521998, 34.038303732566703, 0.0 ], [ -118.584746, 34.038771, 0.0 ], [ -118.586251, 34.043022, 0.0 ], [ -118.587601, 34.045606, 0.0 ], [ -118.595663, 34.045601, 0.0 ], [ -118.638648, 34.04563, 0.0 ], [ -118.639393, 34.046314, 0.0 ], [ -118.65407, 34.047485, 0.0 ], [ -118.682247, 34.047525, 0.0 ], [ -118.68651, 34.045714, 0.0 ], [ -118.692183, 34.045378, 0.0 ], [ -118.698359, 34.044998, 0.0 ], [ -118.69927, 34.043622, 0.0 ], [ -118.697801, 34.040637, 0.0 ], [ -118.70166, 34.039334, 0.0 ], [ -118.702661, 34.038584, 0.0 ], [ -118.703312, 34.037685, 0.0 ], [ -118.703529, 34.034793, 0.0 ], [ -118.709832, 34.034293, 0.0 ], [ -118.709832, 34.034921, 0.0 ], [ -118.708749, 34.036621, 0.0 ], [ -118.711956, 34.039162, 0.0 ], [ -118.712573, 34.040231, 0.0 ], [ -118.71434, 34.040094, 0.0 ], [ -118.715702, 34.036933, 0.0 ], [ -118.713569, 34.035022, 0.0 ], [ -118.71482, 34.034926, 0.0 ], [ -118.718075, 34.036786, 0.0 ], [ -118.718338, 34.040347, 0.0 ], [ -118.719589, 34.043714, 0.0 ], [ -118.733451, 34.042894, 0.0 ], [ -118.773627, 34.042329, 0.0 ], [ -118.780223, 34.042236, 0.0 ], [ -118.79417, 34.038197, 0.0 ], [ -118.795346, 34.03826, 0.0 ], [ -118.793186, 34.035668, 0.0 ], [ -118.799885, 34.037122, 0.0 ], [ -118.79871, 34.03844, 0.0 ], [ -118.814278, 34.03927, 0.0 ], [ -118.823292, 34.040733, 0.0 ], [ -118.846136, 34.044475, 0.0 ], [ -118.84991, 34.045682, 0.0 ], [ -118.858556, 34.048451, 0.0 ], [ -118.85915, 34.046609, 0.0 ], [ -118.860607, 34.047619, 0.0 ], [ -118.861094, 34.046099, 0.0 ], [ -118.86154, 34.045665, 0.0 ], [ -118.861519, 34.042844, 0.0 ], [ -118.869658, 34.042833, 0.0 ], [ -118.870567, 34.049129, 0.0 ], [ -118.870588, 34.052301, 0.0 ], [ -118.917134, 34.067193, 0.0 ], [ -118.917942, 34.064927, 0.0 ], [ -118.919233, 34.062812, 0.0 ], [ -118.919411, 34.055658, 0.0 ], [ -118.923517, 34.046764, 0.0 ] ] ] } },
{ "type": "Feature", "properties": { "city": "Manhattan Beach", "leading_firm": "COMPASS", "volume_firm": 537671537.0, "volume_city": 2629471377.0, "percent_share": "20.45%" }, "geometry": { "type": "Polygon", "coordinates": [ [ [ -118.422753072277999, 33.904957824566402, 0.0 ], [ -118.421492885636994, 33.902536588638398, 0.0 ], [ -118.420257354694996, 33.900162724474399, 0.0 ], [ -118.419597107127998, 33.898894170214596, 0.0 ], [ -118.418662952879998, 33.897099350499801, 0.0 ], [ -118.416787936098999, 33.893496822232201, 0.0 ], [ -118.415514893335001, 33.891050885434304, 0.0 ], [ -118.414871845701001, 33.889815377942298, 0.0 ], [ -118.413923829232004, 33.887993924308198, 0.0 ], [ -118.412005510604004, 33.884308198850398, 0.0 ], [ -118.411601, 33.883531, 0.0 ], [ -118.409651786910999, 33.879057088860698, 0.0 ], [ -118.408855163507994, 33.877228647252799, 0.0 ], [ -118.407192, 33.877747, 0.0 ], [ -118.404539, 33.877146, 0.0 ], [ -118.40276, 33.877046, 0.0 ], [ -118.401987, 33.877102, 0.0 ], [ -118.401784, 33.877102, 0.0 ], [ -118.395963, 33.877101, 0.0 ], [ -118.396025, 33.872897, 0.0 ], [ -118.395522, 33.872831, 0.0 ], [ -118.391371, 33.872812, 0.0 ], [ -118.39041, 33.872804, 0.0 ], [ -118.387365, 33.872861, 0.0 ], [ -118.385116, 33.872852, 0.0 ], [ -118.382742, 33.872846, 0.0 ], [ -118.379955, 33.872834, 0.0 ], [ -118.380065, 33.875663, 0.0 ], [ -118.380037, 33.8794, 0.0 ], [ -118.378667, 33.880073, 0.0 ], [ -118.378666, 33.88278, 0.0 ], [ -118.378664, 33.883714, 0.0 ], [ -118.37868, 33.887376, 0.0 ], [ -118.378688, 33.891917, 0.0 ], [ -118.378721, 33.894646, 0.0 ], [ -118.378701, 33.901905, 0.0 ], [ -118.396173, 33.901866, 0.0 ], [ -118.39858, 33.901968, 0.0 ], [ -118.402582, 33.90195, 0.0 ], [ -118.412505, 33.901905, 0.0 ], [ -118.415042, 33.901842, 0.0 ], [ -118.415774, 33.901649, 0.0 ], [ -118.417476, 33.901774, 0.0 ], [ -118.418411, 33.903713, 0.0 ], [ -118.419625, 33.906141, 0.0 ], [ -118.422753072277999, 33.904957824566402, 0.0 ] ] ] } },
{ "type": "Feature", "properties": { "city": "Palos Verdes Estates", "leading_firm": "VISTA SOTHEBY'S INTERNATIONAL REALTY", "volume_firm": 284944468.0, "volume_city": 1036817919.0, "percent_share": "27.48%" }, "geometry": { "type": "Polygon", "coordinates": [ [ [ -118.428162, 33.774345, 0.0 ], [ -118.426837, 33.772401, 0.0 ], [ -118.423819, 33.772516, 0.0 ], [ -118.421848, 33.770975, 0.0 ], [ -118.421731, 33.768934, 0.0 ], [ -118.424459, 33.767216, 0.0 ], [ -118.42368, 33.766244, 0.0 ], [ -118.421731, 33.76592, 0.0 ], [ -118.421926, 33.763425, 0.0 ], [ -118.417944, 33.762559, 0.0 ], [ -118.417871739077, 33.762381127984803, 0.0 ], [ -118.414633, 33.762807, 0.0 ], [ -118.403673, 33.764249, 0.0 ], [ -118.40367, 33.765841, 0.0 ], [ -118.40368, 33.772511, 0.0 ], [ -118.403702, 33.781359, 0.0 ], [ -118.392356, 33.781765, 0.0 ], [ -118.38711, 33.781771, 0.0 ], [ -118.384762, 33.791079, 0.0 ], [ -118.384789, 33.791085, 0.0 ], [ -118.384209, 33.793424, 0.0 ], [ -118.380885, 33.793555, 0.0 ], [ -118.378538, 33.795466, 0.0 ], [ -118.377941, 33.795003, 0.0 ], [ -118.371697, 33.794707, 0.0 ], [ -118.369231, 33.79516, 0.0 ], [ -118.368844, 33.794154, 0.0 ], [ -118.367495, 33.794149, 0.0 ], [ -118.367143, 33.795205, 0.0 ], [ -118.351054, 33.795205, 0.0 ], [ -118.355388, 33.798856, 0.0 ], [ -118.361701, 33.804173, 0.0 ], [ -118.367772, 33.804189, 0.0 ], [ -118.374417, 33.804213, 0.0 ], [ -118.378132, 33.804217, 0.0 ], [ -118.383109, 33.804229, 0.0 ], [ -118.390526, 33.804248, 0.0 ], [ -118.393971529620998, 33.804258334304997, 0.0 ], [ -118.393997, 33.804183, 0.0 ], [ -118.405378, 33.799733, 0.0 ], [ -118.407426, 33.797313, 0.0 ], [ -118.407145753250006, 33.793482961079199, 0.0 ], [ -118.406997, 33.79145, 0.0 ], [ -118.417521, 33.787012, 0.0 ], [ -118.419839827393005, 33.785043399850402, 0.0 ], [ -118.423407, 33.782015, 0.0 ], [ -118.42442, 33.777811, 0.0 ], [ -118.428162, 33.774345, 0.0 ] ] ] } },
{ "type": "Feature", "properties": { "city": "Pasadena", "leading_firm": "COMPASS", "volume_firm": 601584921.0, "volume_city": 2773036332.0, "percent_share": "21.69%" }, "geometry": { "type": "Polygon", "coordinates": [ [ [ -118.198208, 34.236789, 0.0 ], [ -118.195953, 34.233319, 0.0 ], [ -118.194766, 34.23338, 0.0 ], [ -118.190021, 34.231117, 0.0 ], [ -118.191425, 34.22655, 0.0 ], [ -118.18887, 34.222654, 0.0 ], [ -118.184804, 34.222622, 0.0 ], [ -118.184816, 34.221005, 0.0 ], [ -118.181857, 34.22018, 0.0 ], [ -118.181111, 34.218177, 0.0 ], [ -118.182602, 34.21887, 0.0 ], [ -118.183731, 34.218418, 0.0 ], [ -118.184059, 34.216112, 0.0 ], [ -118.181426, 34.215349, 0.0 ], [ -118.17984, 34.215328, 0.0 ], [ -118.177675, 34.214162, 0.0 ], [ -118.177596, 34.212071, 0.0 ], [ -118.174596, 34.21121, 0.0 ], [ -118.176102, 34.210881, 0.0 ], [ -118.17648, 34.209331, 0.0 ], [ -118.175709, 34.207686, 0.0 ], [ -118.174737, 34.206526, 0.0 ], [ -118.172398, 34.206108, 0.0 ], [ -118.170238, 34.204482, 0.0 ], [ -118.167644, 34.204414, 0.0 ], [ -118.167419, 34.202278, 0.0 ], [ -118.168028, 34.201111, 0.0 ], [ -118.170574, 34.199218, 0.0 ], [ -118.172088, 34.197018, 0.0 ], [ -118.173679, 34.197016, 0.0 ], [ -118.173121, 34.198446, 0.0 ], [ -118.175043, 34.198441, 0.0 ], [ -118.177531, 34.194114, 0.0 ], [ -118.178334, 34.194363, 0.0 ], [ -118.178391, 34.189218, 0.0 ], [ -118.178847, 34.188241, 0.0 ], [ -118.178892, 34.187648, 0.0 ], [ -118.178774, 34.187218, 0.0 ], [ -118.179047, 34.187267, 0.0 ], [ -118.179333, 34.187678, 0.0 ], [ -118.180335, 34.188048, 0.0 ], [ -118.181252, 34.186664, 0.0 ], [ -118.177444, 34.18529, 0.0 ], [ -118.176072, 34.185698, 0.0 ], [ -118.175595, 34.185119, 0.0 ], [ -118.17423, 34.182753, 0.0 ], [ -118.180117, 34.180647, 0.0 ], [ -118.181622, 34.179703, 0.0 ], [ -118.183093, 34.180103, 0.0 ], [ -118.186292, 34.179436, 0.0 ], [ -118.187426, 34.179229, 0.0 ], [ -118.188881, 34.177876, 0.0 ], [ -118.18916, 34.177255, 0.0 ], [ -118.19097, 34.173204, 0.0 ], [ -118.190811, 34.172051, 0.0 ], [ -118.189764, 34.169094, 0.0 ], [ -118.187906, 34.166724, 0.0 ], [ -118.188584, 34.165696, 0.0 ], [ -118.185836, 34.163528, 0.0 ], [ -118.184776, 34.159768, 0.0 ], [ -118.184157, 34.159732, 0.0 ], [ -118.181835, 34.149063, 0.0 ], [ -118.183787, 34.14908, 0.0 ], [ -118.184561, 34.145401, 0.0 ], [ -118.182202, 34.143157, 0.0 ], [ -118.180646, 34.141202, 0.0 ], [ -118.180488, 34.140875, 0.0 ], [ -118.180758, 34.14083, 0.0 ], [ -118.181265, 34.140823, 0.0 ], [ -118.181877, 34.140699, 0.0 ], [ -118.182861, 34.139998, 0.0 ], [ -118.183236, 34.139621, 0.0 ], [ -118.183813, 34.139511, 0.0 ], [ -118.185009, 34.139386, 0.0 ], [ -118.185248, 34.139287, 0.0 ], [ -118.185591, 34.138958, 0.0 ], [ -118.185468, 34.138602, 0.0 ], [ -118.185887, 34.136183, 0.0 ], [ -118.185206, 34.136068, 0.0 ], [ -118.18604, 34.133833, 0.0 ], [ -118.182817, 34.131211, 0.0 ], [ -118.182801, 34.129666, 0.0 ], [ -118.18134, 34.129498, 0.0 ], [ -118.180193, 34.126425, 0.0 ], [ -118.177717, 34.126649, 0.0 ], [ -118.176541, 34.126624, 0.0 ], [ -118.176955, 34.123141, 0.0 ], [ -118.172804, 34.124771, 0.0 ], [ -118.170536, 34.126903, 0.0 ], [ -118.167221, 34.125885, 0.0 ], [ -118.166281, 34.126174, 0.0 ], [ -118.165786, 34.125554, 0.0 ], [ -118.168053, 34.123923, 0.0 ], [ -118.163195, 34.124024, 0.0 ], [ -118.157964, 34.124016, 0.0 ], [ -118.150271, 34.124037, 0.0 ], [ -118.148948, 34.125662, 0.0 ], [ -118.146422, 34.123972, 0.0 ], [ -118.145914, 34.122663, 0.0 ], [ -118.145664, 34.122052, 0.0 ], [ -118.145681, 34.123498, 0.0 ], [ -118.143764, 34.12101, 0.0 ], [ -118.142395, 34.12069, 0.0 ], [ -118.141995, 34.11953, 0.0 ], [ -118.139187, 34.11917, 0.0 ], [ -118.137278, 34.11835, 0.0 ], [ -118.136412, 34.118079, 0.0 ], [ -118.134716, 34.117543, 0.0 ], [ -118.134225, 34.117389, 0.0 ], [ -118.133705, 34.117372, 0.0 ], [ -118.133027, 34.117352, 0.0 ], [ -118.132834, 34.117345, 0.0 ], [ -118.132524, 34.117334, 0.0 ], [ -118.132209, 34.117323, 0.0 ], [ -118.131835, 34.117311, 0.0 ], [ -118.131736, 34.117307, 0.0 ], [ -118.130717, 34.117271, 0.0 ], [ -118.128261, 34.11783, 0.0 ], [ -118.127621, 34.118136, 0.0 ], [ -118.129064, 34.122648, 0.0 ], [ -118.13043, 34.125113, 0.0 ], [ -118.131097, 34.126854, 0.0 ], [ -118.131174, 34.129678, 0.0 ], [ -118.121693, 34.132021, 0.0 ], [ -118.11946, 34.132495, 0.0 ], [ -118.117187, 34.132729, 0.0 ], [ -118.113827, 34.132941, 0.0 ], [ -118.113818, 34.135871, 0.0 ], [ -118.113815, 34.136391, 0.0 ], [ -118.114019, 34.136391, 0.0 ], [ -118.114017, 34.136859, 0.0 ], [ -118.113753, 34.136859, 0.0 ], [ -118.111306, 34.136858, 0.0 ], [ -118.110023, 34.13686, 0.0 ], [ -118.110023, 34.136927, 0.0 ], [ -118.110021, 34.137175, 0.0 ], [ -118.110478, 34.137942, 0.0 ], [ -118.110272, 34.140794, 0.0 ], [ -118.11003, 34.141542, 0.0 ], [ -118.10491, 34.141562, 0.0 ], [ -118.103095, 34.141575, 0.0 ], [ -118.100517, 34.141422, 0.0 ], [ -118.099784, 34.140672, 0.0 ], [ -118.098708, 34.141642, 0.0 ], [ -118.09548, 34.141632, 0.0 ], [ -118.095501, 34.140205, 0.0 ], [ -118.095257, 34.140207, 0.0 ], [ -118.095175, 34.13693, 0.0 ], [ -118.094525, 34.136934, 0.0 ], [ -118.094293, 34.135245, 0.0 ], [ -118.089504, 34.135275, 0.0 ], [ -118.089493, 34.133677, 0.0 ], [ -118.087328, 34.133692, 0.0 ], [ -118.087301, 34.131299, 0.0 ], [ -118.086007, 34.133033, 0.0 ], [ -118.084103, 34.133052, 0.0 ], [ -118.083877, 34.137915, 0.0 ], [ -118.083733, 34.140462, 0.0 ], [ -118.078922, 34.139609, 0.0 ], [ -118.07896, 34.14225, 0.0 ], [ -118.083501, 34.14222, 0.0 ], [ -118.083225, 34.144566, 0.0 ], [ -118.08619, 34.144707, 0.0 ], [ -118.08611, 34.145686, 0.0 ], [ -118.084597, 34.146214, 0.0 ], [ -118.080451, 34.145737, 0.0 ], [ -118.077952, 34.147384, 0.0 ], [ -118.073392, 34.147765, 0.0 ], [ -118.073402, 34.14855, 0.0 ], [ -118.073424, 34.150214, 0.0 ], [ -118.067824, 34.150287, 0.0 ], [ -118.067958, 34.156821, 0.0 ], [ -118.068039, 34.161796, 0.0 ], [ -118.068113, 34.166692, 0.0 ], [ -118.068201, 34.17295, 0.0 ], [ -118.065621, 34.172388, 0.0 ], [ -118.065634, 34.175104, 0.0 ], [ -118.067471, 34.176171, 0.0 ], [ -118.072084, 34.176174, 0.0 ], [ -118.072903, 34.177851, 0.0 ], [ -118.073266, 34.176175, 0.0 ], [ -118.077444, 34.177645, 0.0 ], [ -118.078096, 34.177024, 0.0 ], [ -118.077717, 34.17383, 0.0 ], [ -118.076942, 34.173895, 0.0 ], [ -118.077842, 34.17161, 0.0 ], [ -118.076198, 34.171748, 0.0 ], [ -118.078526, 34.168825, 0.0 ], [ -118.077627, 34.167582, 0.0 ], [ -118.078668, 34.164384, 0.0 ], [ -118.077861, 34.163469, 0.0 ], [ -118.078446, 34.161656, 0.0 ], [ -118.081155, 34.161621, 0.0 ], [ -118.080503, 34.167033, 0.0 ], [ -118.079526, 34.171009, 0.0 ], [ -118.078246, 34.17276, 0.0 ], [ -118.078857, 34.173784, 0.0 ], [ -118.08188, 34.173509, 0.0 ], [ -118.0823, 34.171338, 0.0 ], [ -118.083481, 34.170621, 0.0 ], [ -118.082857, 34.1693, 0.0 ], [ -118.08606, 34.167505, 0.0 ], [ -118.083747, 34.16636, 0.0 ], [ -118.084167, 34.165129, 0.0 ], [ -118.087674, 34.16796, 0.0 ], [ -118.088772, 34.169531, 0.0 ], [ -118.091816, 34.172145, 0.0 ], [ -118.093037, 34.174291, 0.0 ], [ -118.091981, 34.176792, 0.0 ], [ -118.09044, 34.178838, 0.0 ], [ -118.09825, 34.178865, 0.0 ], [ -118.097107, 34.18105, 0.0 ], [ -118.100372, 34.185742, 0.0 ], [ -118.100416, 34.189805, 0.0 ], [ -118.10048, 34.196844, 0.0 ], [ -118.104807, 34.196844, 0.0 ], [ -118.104808, 34.194856, 0.0 ], [ -118.104809, 34.193383, 0.0 ], [ -118.106803, 34.193218, 0.0 ], [ -118.105413, 34.191709, 0.0 ], [ -118.104859, 34.189209, 0.0 ], [ -118.102439, 34.184923, 0.0 ], [ -118.100315, 34.183027, 0.0 ], [ -118.100288, 34.180371, 0.0 ], [ -118.098242, 34.175631, 0.0 ], [ -118.095008, 34.175142, 0.0 ], [ -118.095553, 34.174225, 0.0 ], [ -118.096609, 34.171999, 0.0 ], [ -118.095058, 34.169176, 0.0 ], [ -118.097803, 34.169138, 0.0 ], [ -118.098342, 34.167567, 0.0 ], [ -118.109373, 34.167588, 0.0 ], [ -118.109362, 34.168591, 0.0 ], [ -118.111539, 34.169143, 0.0 ], [ -118.111228, 34.169144, 0.0 ], [ -118.111424, 34.170395, 0.0 ], [ -118.113024, 34.16958, 0.0 ], [ -118.116425, 34.169616, 0.0 ], [ -118.116617, 34.174994, 0.0 ], [ -118.117358, 34.175911, 0.0 ], [ -118.118338, 34.175464, 0.0 ], [ -118.121584, 34.175275, 0.0 ], [ -118.125218, 34.17509, 0.0 ], [ -118.128631, 34.175229, 0.0 ], [ -118.128628, 34.176517, 0.0 ], [ -118.131908, 34.176507, 0.0 ], [ -118.131889, 34.176931, 0.0 ], [ -118.141721, 34.181349, 0.0 ], [ -118.142202, 34.181565, 0.0 ], [ -118.146251, 34.181539, 0.0 ], [ -118.150776, 34.181511, 0.0 ], [ -118.155219, 34.181488, 0.0 ], [ -118.159669, 34.181467, 0.0 ], [ -118.159669, 34.181444, 0.0 ], [ -118.162993, 34.181449, 0.0 ], [ -118.164115, 34.181436, 0.0 ], [ -118.164129, 34.183086, 0.0 ], [ -118.167413, 34.183072, 0.0 ], [ -118.167275, 34.181432, 0.0 ], [ -118.169488, 34.181432, 0.0 ], [ -118.170446, 34.184083, 0.0 ], [ -118.170279, 34.185925, 0.0 ], [ -118.168623, 34.185446, 0.0 ], [ -118.168582, 34.188804, 0.0 ], [ -118.166727, 34.190477, 0.0 ], [ -118.168528, 34.192094, 0.0 ], [ -118.168108, 34.194042, 0.0 ], [ -118.168014, 34.194012, 0.0 ], [ -118.165799, 34.198042, 0.0 ], [ -118.163976, 34.201481, 0.0 ], [ -118.162593, 34.201642, 0.0 ], [ -118.163448, 34.199788, 0.0 ], [ -118.160135, 34.198726, 0.0 ], [ -118.159547, 34.20001, 0.0 ], [ -118.163958, 34.204894, 0.0 ], [ -118.166035, 34.208078, 0.0 ], [ -118.166046, 34.210019, 0.0 ], [ -118.167245, 34.211755, 0.0 ], [ -118.164984, 34.212172, 0.0 ], [ -118.163415, 34.215233, 0.0 ], [ -118.164412, 34.215257, 0.0 ], [ -118.170243, 34.21543, 0.0 ], [ -118.178728, 34.215363, 0.0 ], [ -118.17895, 34.219676, 0.0 ], [ -118.1791, 34.222575, 0.0 ], [ -118.182627, 34.222604, 0.0 ], [ -118.18262, 34.223174, 0.0 ], [ -118.186986, 34.223195, 0.0 ], [ -118.186945, 34.227165, 0.0 ], [ -118.186772, 34.237471, 0.0 ], [ -118.186901, 34.251543, 0.0 ], [ -118.195257, 34.25152, 0.0 ], [ -118.195514, 34.236596, 0.0 ], [ -118.198208, 34.236789, 0.0 ] ], [ [ -118.17172, 34.189287, 0.0 ], [ -118.171513, 34.189573, 0.0 ], [ -118.170609, 34.190122, 0.0 ], [ -118.169303, 34.192416, 0.0 ], [ -118.168578, 34.189193, 0.0 ], [ -118.17172, 34.189287, 0.0 ] ] ] } },
{ "type": "Feature", "properties": { "city": "Rancho Palos Verdes", "leading_firm": "ESTATE PROPERTIES", "volume_firm": 200536080.0, "volume_city": 1291573952.0, "percent_share": "15.53%" }, "geometry": { "type": "Polygon", "coordinates": [ [ [ -118.414633, 33.762807, 0.0 ], [ -118.417871739077, 33.762381127984803, 0.0 ], [ -118.412525, 33.74922, 0.0 ], [ -118.413030593493005, 33.748000007858302, 0.0 ], [ -118.413341, 33.747251, 0.0 ], [ -118.41231, 33.744529, 0.0 ], [ -118.411044, 33.743221, 0.0 ], [ -118.411315, 33.741701, 0.0 ], [ -118.410465, 33.74104, 0.0 ], [ -118.405075, 33.741521, 0.0 ], [ -118.402941, 33.740709, 0.0 ], [ -118.40238, 33.739506, 0.0 ], [ -118.400481, 33.738543, 0.0 ], [ -118.399269, 33.736573, 0.0 ], [ -118.396972, 33.736467, 0.0 ], [ -118.395941, 33.737746, 0.0 ], [ -118.393427, 33.738859, 0.0 ], [ -118.392324, 33.739641, 0.0 ], [ -118.389448, 33.739656, 0.0 ], [ -118.385288, 33.742093, 0.0 ], [ -118.381707, 33.742378, 0.0 ], [ -118.376531, 33.740444, 0.0 ], [ -118.37509, 33.738844, 0.0 ], [ -118.375213, 33.737866, 0.0 ], [ -118.373676, 33.737295, 0.0 ], [ -118.372356, 33.738558, 0.0 ], [ -118.37017, 33.737895, 0.0 ], [ -118.369914, 33.736422, 0.0 ], [ -118.368738, 33.736257, 0.0 ], [ -118.367945, 33.738086, 0.0 ], [ -118.364253, 33.738167, 0.0 ], [ -118.360505, 33.736817, 0.0 ], [ -118.354705, 33.732317, 0.0 ], [ -118.351393, 33.727349, 0.0 ], [ -118.342622, 33.725971, 0.0 ], [ -118.332893576361997, 33.7221321552055, 0.0 ], [ -118.329635, 33.727493, 0.0 ], [ -118.328472, 33.729422, 0.0 ], [ -118.326701, 33.729416, 0.0 ], [ -118.32101, 33.729397, 0.0 ], [ -118.320771, 33.731141, 0.0 ], [ -118.318531, 33.731987, 0.0 ], [ -118.318512, 33.734782, 0.0 ], [ -118.318512, 33.734879, 0.0 ], [ -118.320373, 33.73577, 0.0 ], [ -118.3185, 33.737633, 0.0 ], [ -118.318751, 33.738367, 0.0 ], [ -118.319082, 33.740581, 0.0 ], [ -118.319695, 33.740888, 0.0 ], [ -118.319915, 33.74109, 0.0 ], [ -118.320029, 33.741492, 0.0 ], [ -118.319928, 33.742023, 0.0 ], [ -118.319607, 33.74263, 0.0 ], [ -118.319418, 33.742626, 0.0 ], [ -118.318475, 33.742944, 0.0 ], [ -118.318456, 33.745757, 0.0 ], [ -118.318449, 33.746842, 0.0 ], [ -118.318022, 33.74684, 0.0 ], [ -118.312176, 33.746805, 0.0 ], [ -118.311103, 33.747294, 0.0 ], [ -118.309614, 33.746791, 0.0 ], [ -118.309271, 33.749523, 0.0 ], [ -118.309202, 33.750052, 0.0 ], [ -118.309118, 33.752127, 0.0 ], [ -118.309101, 33.754276, 0.0 ], [ -118.309087, 33.757728, 0.0 ], [ -118.301, 33.757721, 0.0 ], [ -118.301113, 33.75808, 0.0 ], [ -118.301878, 33.760511, 0.0 ], [ -118.309038, 33.760515, 0.0 ], [ -118.309035, 33.762678, 0.0 ], [ -118.311606, 33.763051, 0.0 ], [ -118.310652, 33.76623, 0.0 ], [ -118.308833, 33.772616, 0.0 ], [ -118.308923, 33.774964, 0.0 ], [ -118.309353, 33.776428, 0.0 ], [ -118.311772, 33.777128, 0.0 ], [ -118.312744, 33.775523, 0.0 ], [ -118.318283, 33.774982, 0.0 ], [ -118.318305, 33.770117, 0.0 ], [ -118.318348, 33.764906, 0.0 ], [ -118.318598, 33.76492, 0.0 ], [ -118.32158, 33.765083, 0.0 ], [ -118.323632, 33.768452, 0.0 ], [ -118.327371, 33.767018, 0.0 ], [ -118.3302, 33.767412, 0.0 ], [ -118.331752, 33.766911, 0.0 ], [ -118.331634, 33.76822, 0.0 ], [ -118.330319, 33.76865, 0.0 ], [ -118.331, 33.769569, 0.0 ], [ -118.333007, 33.76871, 0.0 ], [ -118.333425, 33.767496, 0.0 ], [ -118.335636, 33.766523, 0.0 ], [ -118.337174, 33.767678, 0.0 ], [ -118.338768, 33.765944, 0.0 ], [ -118.337564, 33.76347, 0.0 ], [ -118.334765, 33.761106, 0.0 ], [ -118.33041, 33.759915, 0.0 ], [ -118.33017, 33.758843, 0.0 ], [ -118.331725, 33.758293, 0.0 ], [ -118.331837, 33.755733, 0.0 ], [ -118.330653, 33.751406, 0.0 ], [ -118.332038, 33.751772, 0.0 ], [ -118.333829, 33.751054, 0.0 ], [ -118.336314, 33.748026, 0.0 ], [ -118.338218, 33.747644, 0.0 ], [ -118.33822, 33.745617, 0.0 ], [ -118.339993, 33.742803, 0.0 ], [ -118.345036, 33.745053, 0.0 ], [ -118.346382, 33.74232, 0.0 ], [ -118.350629, 33.743601, 0.0 ], [ -118.353064, 33.745775, 0.0 ], [ -118.355348, 33.743758, 0.0 ], [ -118.357162, 33.746582, 0.0 ], [ -118.356317, 33.748454, 0.0 ], [ -118.354493, 33.749728, 0.0 ], [ -118.354024, 33.751081, 0.0 ], [ -118.354944, 33.753741, 0.0 ], [ -118.355666, 33.756083, 0.0 ], [ -118.361776, 33.758825, 0.0 ], [ -118.364548, 33.759452, 0.0 ], [ -118.364243, 33.760964, 0.0 ], [ -118.365245, 33.760927, 0.0 ], [ -118.365756, 33.762487, 0.0 ], [ -118.365238, 33.762294, 0.0 ], [ -118.364677, 33.765469, 0.0 ], [ -118.36582, 33.766965, 0.0 ], [ -118.364456, 33.768232, 0.0 ], [ -118.364473, 33.768258, 0.0 ], [ -118.366957, 33.767753, 0.0 ], [ -118.370449, 33.768357, 0.0 ], [ -118.375288, 33.77176, 0.0 ], [ -118.376574, 33.770208, 0.0 ], [ -118.380717, 33.768927, 0.0 ], [ -118.378651, 33.761654, 0.0 ], [ -118.378774, 33.759282, 0.0 ], [ -118.383669, 33.759036, 0.0 ], [ -118.388114, 33.757074, 0.0 ], [ -118.388849, 33.757164, 0.0 ], [ -118.390921, 33.759634, 0.0 ], [ -118.393344, 33.760997, 0.0 ], [ -118.392538, 33.762213, 0.0 ], [ -118.391443, 33.763803, 0.0 ], [ -118.39081, 33.765436, 0.0 ], [ -118.388542, 33.766316, 0.0 ], [ -118.386786, 33.768605, 0.0 ], [ -118.380796, 33.76937, 0.0 ], [ -118.381575, 33.771855, 0.0 ], [ -118.383387, 33.772917, 0.0 ], [ -118.383763, 33.774747, 0.0 ], [ -118.381419, 33.774562, 0.0 ], [ -118.380839, 33.774751, 0.0 ], [ -118.378934, 33.777192, 0.0 ], [ -118.37828, 33.776708, 0.0 ], [ -118.37471, 33.777535, 0.0 ], [ -118.374375, 33.778868, 0.0 ], [ -118.372843, 33.784587, 0.0 ], [ -118.371903, 33.782367, 0.0 ], [ -118.369752, 33.781445, 0.0 ], [ -118.370848, 33.778978, 0.0 ], [ -118.37256, 33.777484, 0.0 ], [ -118.374888, 33.776578, 0.0 ], [ -118.374326, 33.773962, 0.0 ], [ -118.37177, 33.77209, 0.0 ], [ -118.371087, 33.772429, 0.0 ], [ -118.368808, 33.7713, 0.0 ], [ -118.365648, 33.770704, 0.0 ], [ -118.364603, 33.76925, 0.0 ], [ -118.363521, 33.771276, 0.0 ], [ -118.361318, 33.773654, 0.0 ], [ -118.363363, 33.775542, 0.0 ], [ -118.363343, 33.77679, 0.0 ], [ -118.364548, 33.777836, 0.0 ], [ -118.363988, 33.778639, 0.0 ], [ -118.365689, 33.785683, 0.0 ], [ -118.367353, 33.784863, 0.0 ], [ -118.372592, 33.785559, 0.0 ], [ -118.372147, 33.787476, 0.0 ], [ -118.367825, 33.791478, 0.0 ], [ -118.368649, 33.792686, 0.0 ], [ -118.367495, 33.794149, 0.0 ], [ -118.368844, 33.794154, 0.0 ], [ -118.369231, 33.79516, 0.0 ], [ -118.371697, 33.794707, 0.0 ], [ -118.377941, 33.795003, 0.0 ], [ -118.378538, 33.795466, 0.0 ], [ -118.380885, 33.793555, 0.0 ], [ -118.384209, 33.793424, 0.0 ], [ -118.384789, 33.791085, 0.0 ], [ -118.384762, 33.791079, 0.0 ], [ -118.38711, 33.781771, 0.0 ], [ -118.392356, 33.781765, 0.0 ], [ -118.403702, 33.781359, 0.0 ], [ -118.40368, 33.772511, 0.0 ], [ -118.40367, 33.765841, 0.0 ], [ -118.403673, 33.764249, 0.0 ], [ -118.414633, 33.762807, 0.0 ] ] ] } },
{ "type": "Feature", "properties": { "city": "Redondo Beach", "leading_firm": "COMPASS", "volume_firm": 326699629.0, "volume_city": 2061965696.0, "percent_share": "15.84%" }, "geometry": { "type": "Polygon", "coordinates": [ [ [ -118.40157, 33.849382, 0.0 ], [ -118.401798, 33.847951, 0.0 ], [ -118.399709, 33.843508, 0.0 ], [ -118.392027, 33.838723, 0.0 ], [ -118.391461640673995, 33.838744420921699, 0.0 ], [ -118.390549, 33.838779, 0.0 ], [ -118.390213, 33.836203, 0.0 ], [ -118.390146560071997, 33.828914909032697, 0.0 ], [ -118.390106015008001, 33.824467340708999, 0.0 ], [ -118.390069, 33.820407, 0.0 ], [ -118.390225172569004, 33.819498289051701, 0.0 ], [ -118.390964199251002, 33.815198163614802, 0.0 ], [ -118.387907, 33.814615, 0.0 ], [ -118.386407, 33.815225, 0.0 ], [ -118.38509, 33.817612, 0.0 ], [ -118.38538, 33.818921, 0.0 ], [ -118.384304, 33.81893, 0.0 ], [ -118.383133, 33.818529, 0.0 ], [ -118.381824, 33.817726, 0.0 ], [ -118.379599, 33.816468, 0.0 ], [ -118.375745, 33.815892, 0.0 ], [ -118.37443, 33.815656, 0.0 ], [ -118.374426, 33.819611, 0.0 ], [ -118.374416, 33.827402, 0.0 ], [ -118.372924, 33.827657, 0.0 ], [ -118.374832, 33.83721, 0.0 ], [ -118.375163, 33.838888, 0.0 ], [ -118.375915, 33.842667, 0.0 ], [ -118.377093, 33.848594, 0.0 ], [ -118.377948, 33.852849, 0.0 ], [ -118.37837, 33.854952, 0.0 ], [ -118.378219, 33.854993, 0.0 ], [ -118.375063, 33.856148, 0.0 ], [ -118.37549, 33.858256, 0.0 ], [ -118.372797, 33.858262, 0.0 ], [ -118.369867, 33.85827, 0.0 ], [ -118.367145, 33.858274, 0.0 ], [ -118.365412, 33.858276, 0.0 ], [ -118.364897, 33.858277, 0.0 ], [ -118.361369, 33.858283, 0.0 ], [ -118.353627, 33.858316, 0.0 ], [ -118.353308, 33.858771, 0.0 ], [ -118.35774, 33.862026, 0.0 ], [ -118.358953, 33.86373, 0.0 ], [ -118.358956, 33.865542, 0.0 ], [ -118.352644, 33.865548, 0.0 ], [ -118.352461, 33.865526, 0.0 ], [ -118.352462, 33.868789, 0.0 ], [ -118.352497, 33.872787, 0.0 ], [ -118.352509, 33.874317, 0.0 ], [ -118.354711, 33.872854, 0.0 ], [ -118.358828, 33.872857, 0.0 ], [ -118.36129, 33.872858, 0.0 ], [ -118.3613, 33.87662, 0.0 ], [ -118.361309, 33.88012, 0.0 ], [ -118.361317, 33.883538, 0.0 ], [ -118.361319, 33.884501, 0.0 ], [ -118.361327, 33.887374, 0.0 ], [ -118.36129, 33.894653, 0.0 ], [ -118.365858, 33.894643, 0.0 ], [ -118.37006, 33.894615, 0.0 ], [ -118.37015, 33.894615, 0.0 ], [ -118.378721, 33.894646, 0.0 ], [ -118.378688, 33.891917, 0.0 ], [ -118.37868, 33.887376, 0.0 ], [ -118.378664, 33.883714, 0.0 ], [ -118.378666, 33.88278, 0.0 ], [ -118.378667, 33.880073, 0.0 ], [ -118.380037, 33.8794, 0.0 ], [ -118.380065, 33.875663, 0.0 ], [ -118.379955, 33.872834, 0.0 ], [ -118.382742, 33.872846, 0.0 ], [ -118.385116, 33.872852, 0.0 ], [ -118.387365, 33.872861, 0.0 ], [ -118.39041, 33.872804, 0.0 ], [ -118.391371, 33.872812, 0.0 ], [ -118.389531, 33.869982, 0.0 ], [ -118.386581, 33.8655, 0.0 ], [ -118.385866, 33.864406, 0.0 ], [ -118.385276, 33.861392, 0.0 ], [ -118.384853, 33.85663, 0.0 ], [ -118.390308, 33.854854, 0.0 ], [ -118.393272, 33.853861, 0.0 ], [ -118.395608, 33.853068, 0.0 ], [ -118.3974, 33.852504, 0.0 ], [ -118.397872, 33.852393, 0.0 ], [ -118.399400773018002, 33.851911951475003, 0.0 ], [ -118.399479, 33.850454, 0.0 ], [ -118.40157, 33.849382, 0.0 ] ] ] } },
{ "type": "Feature", "properties": { "city": "San Marino", "leading_firm": "COMPASS", "volume_firm": 101489537.0, "volume_city": 781400754.0, "percent_share": "12.99%" }, "geometry": { "type": "Polygon", "coordinates": [ [ [ -118.141995, 34.11953, 0.0 ], [ -118.141813, 34.117963, 0.0 ], [ -118.140682, 34.116169, 0.0 ], [ -118.138402, 34.11279, 0.0 ], [ -118.139535, 34.11252, 0.0 ], [ -118.135296, 34.10645, 0.0 ], [ -118.134708, 34.106818, 0.0 ], [ -118.132828, 34.107937, 0.0 ], [ -118.127935, 34.111146, 0.0 ], [ -118.127692, 34.110983, 0.0 ], [ -118.121723, 34.104976, 0.0 ], [ -118.121095, 34.105275, 0.0 ], [ -118.120919, 34.106126, 0.0 ], [ -118.117699, 34.110909, 0.0 ], [ -118.115791, 34.113106, 0.0 ], [ -118.111341, 34.113978, 0.0 ], [ -118.108566, 34.114266, 0.0 ], [ -118.108552, 34.113392, 0.0 ], [ -118.107461, 34.113383, 0.0 ], [ -118.107464, 34.113818, 0.0 ], [ -118.106371, 34.113827, 0.0 ], [ -118.106374, 34.113405, 0.0 ], [ -118.105018, 34.113428, 0.0 ], [ -118.104189, 34.113439, 0.0 ], [ -118.099812, 34.113467, 0.0 ], [ -118.09803, 34.115273, 0.0 ], [ -118.091194, 34.115308, 0.0 ], [ -118.091284, 34.119862, 0.0 ], [ -118.091353, 34.121644, 0.0 ], [ -118.091068, 34.122395, 0.0 ], [ -118.09102, 34.122442, 0.0 ], [ -118.090306, 34.123366, 0.0 ], [ -118.090397, 34.124813, 0.0 ], [ -118.089383, 34.125005, 0.0 ], [ -118.089468, 34.12529, 0.0 ], [ -118.088214, 34.125563, 0.0 ], [ -118.088665, 34.126914, 0.0 ], [ -118.087946, 34.127059, 0.0 ], [ -118.088191, 34.127544, 0.0 ], [ -118.090367, 34.126902, 0.0 ], [ -118.090191, 34.126335, 0.0 ], [ -118.090775, 34.126115, 0.0 ], [ -118.090987, 34.12684, 0.0 ], [ -118.093313, 34.131916, 0.0 ], [ -118.094293, 34.135245, 0.0 ], [ -118.094525, 34.136934, 0.0 ], [ -118.095175, 34.13693, 0.0 ], [ -118.097732, 34.136914, 0.0 ], [ -118.098359, 34.136911, 0.0 ], [ -118.10157, 34.136859, 0.0 ], [ -118.102958, 34.136863, 0.0 ], [ -118.103593, 34.137357, 0.0 ], [ -118.108499, 34.1373, 0.0 ], [ -118.110021, 34.137175, 0.0 ], [ -118.110023, 34.136927, 0.0 ], [ -118.110023, 34.13686, 0.0 ], [ -118.111306, 34.136858, 0.0 ], [ -118.113753, 34.136859, 0.0 ], [ -118.114017, 34.136859, 0.0 ], [ -118.114019, 34.136391, 0.0 ], [ -118.113815, 34.136391, 0.0 ], [ -118.113818, 34.135871, 0.0 ], [ -118.113827, 34.132941, 0.0 ], [ -118.117187, 34.132729, 0.0 ], [ -118.11946, 34.132495, 0.0 ], [ -118.121693, 34.132021, 0.0 ], [ -118.131174, 34.129678, 0.0 ], [ -118.131097, 34.126854, 0.0 ], [ -118.13043, 34.125113, 0.0 ], [ -118.129064, 34.122648, 0.0 ], [ -118.127621, 34.118136, 0.0 ], [ -118.128261, 34.11783, 0.0 ], [ -118.130717, 34.117271, 0.0 ], [ -118.131736, 34.117307, 0.0 ], [ -118.131835, 34.117311, 0.0 ], [ -118.132209, 34.117323, 0.0 ], [ -118.132524, 34.117334, 0.0 ], [ -118.132834, 34.117345, 0.0 ], [ -118.133027, 34.117352, 0.0 ], [ -118.133705, 34.117372, 0.0 ], [ -118.134225, 34.117389, 0.0 ], [ -118.134716, 34.117543, 0.0 ], [ -118.136412, 34.118079, 0.0 ], [ -118.137278, 34.11835, 0.0 ], [ -118.139187, 34.11917, 0.0 ], [ -118.141995, 34.11953, 0.0 ] ] ] } },
{ "type": "Feature", "properties": { "city": "Santa Monica", "leading_firm": "COMPASS", "volume_firm": 932212649.0, "volume_city": 2980993549.0, "percent_share": "31.27%" }, "geometry": { "type": "Polygon", "coordinates": [ [ [ -118.512324, 34.030194, 0.0 ], [ -118.516691930665004, 34.0257651615713, 0.0 ], [ -118.509040557147998, 34.020858464757403, 0.0 ], [ -118.503345, 34.017206, 0.0 ], [ -118.502201183367006, 34.0160356825455, 0.0 ], [ -118.492432100206997, 34.006040261772199, 0.0 ], [ -118.486819477633006, 34.000297601653102, 0.0 ], [ -118.482609641823998, 33.995990229138002, 0.0 ], [ -118.482239, 33.995611, 0.0 ], [ -118.479917, 33.997353, 0.0 ], [ -118.478463, 33.99808, 0.0 ], [ -118.47762, 33.998572, 0.0 ], [ -118.476622, 33.999092, 0.0 ], [ -118.473584, 34.000682, 0.0 ], [ -118.470194, 34.002487, 0.0 ], [ -118.468903, 34.003175, 0.0 ], [ -118.464088, 34.005773, 0.0 ], [ -118.458757, 34.008556, 0.0 ], [ -118.455995, 34.00999, 0.0 ], [ -118.447028, 34.014711, 0.0 ], [ -118.443517, 34.016576, 0.0 ], [ -118.448866, 34.022971, 0.0 ], [ -118.452675, 34.027569, 0.0 ], [ -118.453, 34.027961, 0.0 ], [ -118.457078, 34.029713, 0.0 ], [ -118.457704, 34.031638, 0.0 ], [ -118.459175, 34.031328, 0.0 ], [ -118.46146, 34.03328, 0.0 ], [ -118.464594, 34.035957, 0.0 ], [ -118.467722, 34.038629, 0.0 ], [ -118.469291, 34.039969, 0.0 ], [ -118.470888, 34.041334, 0.0 ], [ -118.47096, 34.041276, 0.0 ], [ -118.473721, 34.044036, 0.0 ], [ -118.474465, 34.044279, 0.0 ], [ -118.477283, 34.046699, 0.0 ], [ -118.477869, 34.046379, 0.0 ], [ -118.478438, 34.045629, 0.0 ], [ -118.479375, 34.045147, 0.0 ], [ -118.479463, 34.045076, 0.0 ], [ -118.479647, 34.045107, 0.0 ], [ -118.480015, 34.044456, 0.0 ], [ -118.483766, 34.04143, 0.0 ], [ -118.488881, 34.045781, 0.0 ], [ -118.491825, 34.048302, 0.0 ], [ -118.493862, 34.050045, 0.0 ], [ -118.494476, 34.050433, 0.0 ], [ -118.503965, 34.040724, 0.0 ], [ -118.50464, 34.04126, 0.0 ], [ -118.507555, 34.04007, 0.0 ], [ -118.507688, 34.036269, 0.0 ], [ -118.508717, 34.033033, 0.0 ], [ -118.508672, 34.032975, 0.0 ], [ -118.509346, 34.032794, 0.0 ], [ -118.512324, 34.030194, 0.0 ] ] ] } },
{ "type": "Feature", "properties": { "city": "Torrance", "leading_firm": "COMPASS", "volume_firm": 293775282.0, "volume_city": 1496722338.0, "percent_share": "19.63%" }, "geometry": { "type": "Polygon", "coordinates": [ [ [ -118.391679, 33.811039, 0.0 ], [ -118.393971529620998, 33.804258334304997, 0.0 ], [ -118.390526, 33.804248, 0.0 ], [ -118.383109, 33.804229, 0.0 ], [ -118.378132, 33.804217, 0.0 ], [ -118.374417, 33.804213, 0.0 ], [ -118.367772, 33.804189, 0.0 ], [ -118.361701, 33.804173, 0.0 ], [ -118.355388, 33.798856, 0.0 ], [ -118.351054, 33.795205, 0.0 ], [ -118.342017, 33.787585, 0.0 ], [ -118.340483, 33.786292, 0.0 ], [ -118.334719, 33.781427, 0.0 ], [ -118.333651, 33.78052, 0.0 ], [ -118.333009, 33.784037, 0.0 ], [ -118.331677, 33.785441, 0.0 ], [ -118.329714, 33.786082, 0.0 ], [ -118.328419, 33.786126, 0.0 ], [ -118.328544, 33.785214, 0.0 ], [ -118.329731, 33.785222, 0.0 ], [ -118.329735, 33.783439, 0.0 ], [ -118.325015, 33.783094, 0.0 ], [ -118.324849, 33.782716, 0.0 ], [ -118.323149, 33.782521, 0.0 ], [ -118.323149, 33.785865, 0.0 ], [ -118.325568, 33.786194, 0.0 ], [ -118.327798, 33.786199, 0.0 ], [ -118.32868, 33.787257, 0.0 ], [ -118.328671, 33.789017, 0.0 ], [ -118.326252, 33.788516, 0.0 ], [ -118.326257, 33.789546, 0.0 ], [ -118.326446, 33.789545, 0.0 ], [ -118.32819, 33.790265, 0.0 ], [ -118.328111, 33.798239, 0.0 ], [ -118.328091, 33.800863, 0.0 ], [ -118.325952, 33.800857, 0.0 ], [ -118.325943, 33.803326, 0.0 ], [ -118.327924, 33.803334, 0.0 ], [ -118.327948, 33.805904, 0.0 ], [ -118.327941, 33.806862, 0.0 ], [ -118.319919, 33.806861, 0.0 ], [ -118.319916, 33.807661, 0.0 ], [ -118.311704, 33.807645, 0.0 ], [ -118.311739, 33.802251, 0.0 ], [ -118.311659, 33.80222, 0.0 ], [ -118.30879, 33.802217, 0.0 ], [ -118.308871, 33.807213, 0.0 ], [ -118.309228, 33.80845, 0.0 ], [ -118.308254, 33.809014, 0.0 ], [ -118.308804, 33.811039, 0.0 ], [ -118.308938, 33.812715, 0.0 ], [ -118.308936, 33.813457, 0.0 ], [ -118.308924, 33.817038, 0.0 ], [ -118.308953, 33.820189, 0.0 ], [ -118.308984, 33.822781, 0.0 ], [ -118.308991, 33.823317, 0.0 ], [ -118.309019, 33.825625, 0.0 ], [ -118.308915, 33.827934, 0.0 ], [ -118.309009, 33.830242, 0.0 ], [ -118.309118, 33.837359, 0.0 ], [ -118.30912, 33.838077, 0.0 ], [ -118.309122, 33.838207, 0.0 ], [ -118.309123, 33.84286, 0.0 ], [ -118.309137, 33.847393, 0.0 ], [ -118.30915, 33.858348, 0.0 ], [ -118.309149, 33.859952, 0.0 ], [ -118.309149, 33.861978, 0.0 ], [ -118.309148, 33.865608, 0.0 ], [ -118.309146, 33.869207, 0.0 ], [ -118.309123, 33.87281, 0.0 ], [ -118.30912, 33.872944, 0.0 ], [ -118.313451, 33.872937, 0.0 ], [ -118.313493, 33.880132, 0.0 ], [ -118.313487, 33.881945, 0.0 ], [ -118.313476, 33.887061, 0.0 ], [ -118.317818, 33.885523, 0.0 ], [ -118.326488, 33.882821, 0.0 ], [ -118.335138, 33.880015, 0.0 ], [ -118.343776, 33.877234, 0.0 ], [ -118.344886, 33.876877, 0.0 ], [ -118.351992, 33.874579, 0.0 ], [ -118.352348, 33.874428, 0.0 ], [ -118.352509, 33.874317, 0.0 ], [ -118.352497, 33.872787, 0.0 ], [ -118.352462, 33.868789, 0.0 ], [ -118.352461, 33.865526, 0.0 ], [ -118.352644, 33.865548, 0.0 ], [ -118.358956, 33.865542, 0.0 ], [ -118.358953, 33.86373, 0.0 ], [ -118.35774, 33.862026, 0.0 ], [ -118.353308, 33.858771, 0.0 ], [ -118.353627, 33.858316, 0.0 ], [ -118.361369, 33.858283, 0.0 ], [ -118.364897, 33.858277, 0.0 ], [ -118.365412, 33.858276, 0.0 ], [ -118.367145, 33.858274, 0.0 ], [ -118.369867, 33.85827, 0.0 ], [ -118.372797, 33.858262, 0.0 ], [ -118.37549, 33.858256, 0.0 ], [ -118.375063, 33.856148, 0.0 ], [ -118.378219, 33.854993, 0.0 ], [ -118.37837, 33.854952, 0.0 ], [ -118.377948, 33.852849, 0.0 ], [ -118.377093, 33.848594, 0.0 ], [ -118.375915, 33.842667, 0.0 ], [ -118.375163, 33.838888, 0.0 ], [ -118.374832, 33.83721, 0.0 ], [ -118.372924, 33.827657, 0.0 ], [ -118.374416, 33.827402, 0.0 ], [ -118.374426, 33.819611, 0.0 ], [ -118.37443, 33.815656, 0.0 ], [ -118.375745, 33.815892, 0.0 ], [ -118.379599, 33.816468, 0.0 ], [ -118.381824, 33.817726, 0.0 ], [ -118.383133, 33.818529, 0.0 ], [ -118.384304, 33.81893, 0.0 ], [ -118.38538, 33.818921, 0.0 ], [ -118.38509, 33.817612, 0.0 ], [ -118.386407, 33.815225, 0.0 ], [ -118.387907, 33.814615, 0.0 ], [ -118.390964199251002, 33.815198163614802, 0.0 ], [ -118.391679, 33.811039, 0.0 ] ] ] } },
{ "type": "Feature", "properties": { "city": "West Hollywood", "leading_firm": "CAROLWOOD ESTATES", "volume_firm": 141009635.0, "volume_city": 850317022.0, "percent_share": "16.58%" }, "geometry": { "type": "Polygon", "coordinates": [ [ [ -118.395844, 34.091055, 0.0 ], [ -118.395846, 34.090586, 0.0 ], [ -118.389755, 34.088495, 0.0 ], [ -118.389763, 34.087282, 0.0 ], [ -118.389762, 34.084872, 0.0 ], [ -118.389745, 34.081164, 0.0 ], [ -118.389727, 34.080881, 0.0 ], [ -118.389733, 34.07649, 0.0 ], [ -118.387724, 34.076471, 0.0 ], [ -118.38372, 34.07643, 0.0 ], [ -118.380483, 34.076688, 0.0 ], [ -118.379401, 34.076391, 0.0 ], [ -118.378802, 34.07639, 0.0 ], [ -118.377167, 34.076592, 0.0 ], [ -118.377248, 34.080207, 0.0 ], [ -118.375264, 34.080159, 0.0 ], [ -118.374202, 34.082019, 0.0 ], [ -118.374209, 34.080161, 0.0 ], [ -118.370294, 34.080169, 0.0 ], [ -118.370302, 34.083157, 0.0 ], [ -118.377033, 34.08304, 0.0 ], [ -118.377006, 34.084849, 0.0 ], [ -118.376951, 34.08863, 0.0 ], [ -118.376409, 34.088922, 0.0 ], [ -118.373272, 34.090052, 0.0 ], [ -118.373174, 34.090149, 0.0 ], [ -118.372498, 34.090256, 0.0 ], [ -118.372494, 34.088838, 0.0 ], [ -118.372485, 34.085438, 0.0 ], [ -118.37023, 34.085609, 0.0 ], [ -118.370233, 34.087084, 0.0 ], [ -118.369088, 34.087101, 0.0 ], [ -118.366961, 34.087133, 0.0 ], [ -118.365903, 34.088932, 0.0 ], [ -118.362712, 34.088787, 0.0 ], [ -118.361443, 34.087201, 0.0 ], [ -118.357395, 34.087166, 0.0 ], [ -118.354273, 34.08714, 0.0 ], [ -118.353233, 34.087132, 0.0 ], [ -118.3528, 34.087129, 0.0 ], [ -118.352802, 34.088962, 0.0 ], [ -118.348663, 34.08893, 0.0 ], [ -118.344059, 34.088893, 0.0 ], [ -118.343388, 34.088928, 0.0 ], [ -118.34338, 34.090699, 0.0 ], [ -118.343382, 34.094328, 0.0 ], [ -118.344086, 34.094327, 0.0 ], [ -118.347158, 34.09435, 0.0 ], [ -118.347906, 34.094356, 0.0 ], [ -118.349537, 34.094368, 0.0 ], [ -118.351728, 34.094385, 0.0 ], [ -118.353908, 34.094401, 0.0 ], [ -118.354998, 34.094409, 0.0 ], [ -118.356664, 34.09442, 0.0 ], [ -118.358166, 34.094431, 0.0 ], [ -118.361542, 34.094455, 0.0 ], [ -118.361541, 34.094535, 0.0 ], [ -118.361652, 34.097178, 0.0 ], [ -118.365946, 34.097119, 0.0 ], [ -118.368168, 34.097087, 0.0 ], [ -118.368961, 34.09781, 0.0 ], [ -118.372736, 34.095623, 0.0 ], [ -118.377385, 34.094212, 0.0 ], [ -118.379107, 34.093066, 0.0 ], [ -118.379881, 34.092683, 0.0 ], [ -118.381181, 34.092104, 0.0 ], [ -118.381183, 34.093323, 0.0 ], [ -118.38337, 34.093724, 0.0 ], [ -118.38446, 34.093587, 0.0 ], [ -118.385038, 34.093558, 0.0 ], [ -118.38553, 34.093203, 0.0 ], [ -118.386561, 34.091039, 0.0 ], [ -118.395844, 34.091055, 0.0 ] ] ] } },
{ "type": "Feature", "properties": { "city": "Encino", "leading_firm": "THE AGENCY", "volume_firm": 223529930.0, "volume_city": 1727511409.0, "percent_share": "12.94%" }, "geometry": { "type": "MultiPolygon", "coordinates": [ [ [ [ -118.516420243786001, 34.180996854473001 ], [ -118.518283244204, 34.180990854444197 ], [ -118.518280240102001, 34.1817898549793 ], [ -118.518277243357005, 34.1825858542527 ], [ -118.516368433745996, 34.182553880109502 ], [ -118.516307243537995, 34.182552854831997 ], [ -118.516305664460006, 34.182507284088402 ], [ -118.516288876073006, 34.182022839734799 ], [ -118.516258243644998, 34.181138854754401 ], [ -118.516362245620996, 34.181047692160398 ], [ -118.516408127342999, 34.1810074740891 ], [ -118.516420243786001, 34.180996854473001 ] ] ], [ [ [ -118.518516243375998, 34.180328854615098 ], [ -118.518517244150999, 34.180139854530303 ], [ -118.507593241322994, 34.180235854966703 ], [ -118.507593241993007, 34.179792855184601 ], [ -118.505960241932002, 34.179750854822302 ], [ -118.505894240852001, 34.173916854791301 ], [ -118.506118240695997, 34.173584854204798 ], [ -118.505895240480001, 34.173251854291699 ], [ -118.505952240808995, 34.172240853822899 ], [ -118.499709239338003, 34.172216854328397 ], [ -118.499272239592003, 34.172032854212098 ], [ -118.498676239583006, 34.1714798545542 ], [ -118.497710238824993, 34.169646854677197 ], [ -118.496444238737993, 34.168409854147498 ], [ -118.494433238604998, 34.167392854765197 ], [ -118.492371237897999, 34.167016854415301 ], [ -118.492369238354996, 34.165330854065601 ], [ -118.490534238261006, 34.165090853982598 ], [ -118.476193560566998, 34.165204865146301 ], [ -118.475943234916997, 34.165206854971501 ], [ -118.475801892812996, 34.165172684751099 ], [ -118.474760234593006, 34.164920854960101 ], [ -118.474912235226995, 34.1648098554383 ], [ -118.474911234716004, 34.163951855114099 ], [ -118.474087235412, 34.164019855148801 ], [ -118.473619235328997, 34.164460855592701 ], [ -118.473242234604001, 34.164209855188602 ], [ -118.472412234746997, 34.163394855301298 ], [ -118.471437233922998, 34.161916855336599 ], [ -118.470952234760006, 34.162245854751902 ], [ -118.472477234238994, 34.163989855139903 ], [ -118.471317233991996, 34.163051854889197 ], [ -118.471217514073004, 34.163049880590698 ], [ -118.471015842003993, 34.1630458872513 ], [ -118.470913234717003, 34.163043855431802 ], [ -118.470874788242995, 34.163075342693602 ], [ -118.470574880385001, 34.163320968255 ], [ -118.470506162500001, 34.163377248357399 ], [ -118.470471234049, 34.163405854902898 ], [ -118.469663233923001, 34.162899855509202 ], [ -118.469656234018998, 34.158409855105702 ], [ -118.468411233116001, 34.154343854738499 ], [ -118.468764232867002, 34.155261854783497 ], [ -118.469015232971998, 34.1554328547005 ], [ -118.469165233496, 34.155279854761602 ], [ -118.468897233695003, 34.154264854110103 ], [ -118.468211233212003, 34.154150854158999 ], [ -118.468108232543997, 34.153115853996702 ], [ -118.468236233127001, 34.1517648539972 ], [ -118.468637232673004, 34.150263854371801 ], [ -118.469574233280994, 34.148355854164002 ], [ -118.470522233267005, 34.147947853830701 ], [ -118.470378232566006, 34.147621853807202 ], [ -118.471180232492998, 34.145805853546698 ], [ -118.471610232276007, 34.142564853184098 ], [ -118.471361232066002, 34.139012852365099 ], [ -118.471558232326998, 34.137320852756403 ], [ -118.474251232015007, 34.128681851492502 ], [ -118.474812232426004, 34.127539851085302 ], [ -118.475683231578998, 34.1263508509386 ], [ -118.477594232238999, 34.126196850810103 ], [ -118.478458232262, 34.126436850447597 ], [ -118.479108233236005, 34.127177850581901 ], [ -118.479266232992998, 34.128872850714103 ], [ -118.479557233462998, 34.129366851213803 ], [ -118.480533233629998, 34.129857851174997 ], [ -118.481133233487995, 34.129823850971697 ], [ -118.481671233426994, 34.130233851005997 ], [ -118.482657233865993, 34.130578850920401 ], [ -118.484059233748994, 34.1304378512068 ], [ -118.484947682623002, 34.1299662390931 ], [ -118.485016233775994, 34.129929851041602 ], [ -118.485114075189998, 34.129935063280598 ], [ -118.486687770583003, 34.130018904728402 ], [ -118.489014234232002, 34.130142851064001 ], [ -118.489057411082001, 34.130157424679403 ], [ -118.489394235144999, 34.130271116022499 ], [ -118.489648235261001, 34.1303568507251 ], [ -118.489683493366002, 34.130399461652601 ], [ -118.490091774625, 34.130892885265702 ], [ -118.490151582736004, 34.130965165389298 ], [ -118.490257235325004, 34.131092850350299 ], [ -118.490588235106003, 34.131223850858298 ], [ -118.491492235275999, 34.130939850707499 ], [ -118.492750884827004, 34.1310891016577 ], [ -118.492816235373994, 34.131096850835398 ], [ -118.494280235812994, 34.130212849926899 ], [ -118.495293236083, 34.129950849994898 ], [ -118.495833236118003, 34.130088850019 ], [ -118.496459235510002, 34.130612850699599 ], [ -118.496959235869994, 34.130654849844198 ], [ -118.497709236424001, 34.1301868501398 ], [ -118.498459235873995, 34.130107849867898 ], [ -118.499197236382003, 34.1297818497181 ], [ -118.499849235952993, 34.129755850413503 ], [ -118.501167236455998, 34.129032850013601 ], [ -118.502426237039003, 34.129332849976997 ], [ -118.502464236628995, 34.129744849583403 ], [ -118.501908236858, 34.130211849930603 ], [ -118.502020237238, 34.1304338500087 ], [ -118.502344236739006, 34.1304878495352 ], [ -118.503059236854, 34.129294849692201 ], [ -118.502798237109999, 34.128511850007698 ], [ -118.502849236713999, 34.128211849278301 ], [ -118.503122237206995, 34.127958849680098 ], [ -118.503608453715003, 34.127793872168198 ], [ -118.503841721588998, 34.127714721983999 ], [ -118.503903237054999, 34.127693849100503 ], [ -118.504426236748003, 34.1278538494524 ], [ -118.505057237052, 34.128629849476901 ], [ -118.506872237744005, 34.129295849351699 ], [ -118.507211237608999, 34.129809849309503 ], [ -118.507295238064003, 34.130272849392 ], [ -118.508534238425995, 34.131126849939498 ], [ -118.509533237818005, 34.1306688492989 ], [ -118.510421237922998, 34.1306308495964 ], [ -118.511149238756005, 34.129846848936502 ], [ -118.513013238856004, 34.129035848877002 ], [ -118.516269238934001, 34.128801849016 ], [ -118.516770239299007, 34.128948849249802 ], [ -118.517959238852995, 34.128817848868202 ], [ -118.518867239716002, 34.129080848751499 ], [ -118.519658239487995, 34.128755849001401 ], [ -118.520730240093002, 34.128746848534 ], [ -118.521832240113994, 34.127999848307098 ], [ -118.522994624413002, 34.128399535613902 ], [ -118.523068240258993, 34.128424848806702 ], [ -118.524788240514994, 34.128649848712499 ], [ -118.525448240426002, 34.128497848276297 ], [ -118.526285241119993, 34.1285628484084 ], [ -118.526418359489995, 34.128621631673496 ], [ -118.527141240663994, 34.128940848391501 ], [ -118.528345240766001, 34.128925848587699 ], [ -118.529736241004997, 34.129371847795802 ], [ -118.529254241375, 34.130732848680402 ], [ -118.528875241519003, 34.130507848081301 ], [ -118.528874240961997, 34.130006848233101 ], [ -118.528429241433997, 34.129649848105402 ], [ -118.528259241007007, 34.129680848754099 ], [ -118.527941240976006, 34.130304848652202 ], [ -118.52759424109, 34.130501848775197 ], [ -118.527759241267006, 34.1309988483493 ], [ -118.527538240959998, 34.131406848615399 ], [ -118.527552240893002, 34.131852849027602 ], [ -118.526730240972, 34.132001848945698 ], [ -118.526364241276994, 34.132459849060801 ], [ -118.526360598986003, 34.132491427917302 ], [ -118.526288241404004, 34.133118848594201 ], [ -118.526569240770002, 34.133809848865702 ], [ -118.526492241102005, 34.134860848930401 ], [ -118.526076241495005, 34.1355068490641 ], [ -118.526723241821998, 34.135743849068099 ], [ -118.527248241134004, 34.1365638490512 ], [ -118.526766241923994, 34.138277849643799 ], [ -118.527310241210998, 34.139242849208003 ], [ -118.527381241639006, 34.139652849501203 ], [ -118.527080242327003, 34.140550849948397 ], [ -118.526003241476005, 34.142090849717398 ], [ -118.525990241610998, 34.143651849573999 ], [ -118.525816241347997, 34.144101849639299 ], [ -118.526399241568001, 34.144279850024503 ], [ -118.528023242283993, 34.144243849970401 ], [ -118.529888242157, 34.1450808501259 ], [ -118.530566243216001, 34.1451758498714 ], [ -118.530879242512, 34.146252849902403 ], [ -118.530909242934001, 34.147764849754203 ], [ -118.530848243327, 34.148366850557998 ], [ -118.530584242686999, 34.148770850329001 ], [ -118.530983242855996, 34.149126850646702 ], [ -118.531030968972004, 34.149614710181297 ], [ -118.531037243010999, 34.149678849936301 ], [ -118.530824243577996, 34.1500438508466 ], [ -118.530333242885007, 34.1502668502362 ], [ -118.528349242627996, 34.150133850225203 ], [ -118.528062243170993, 34.149963850638201 ], [ -118.527890242552004, 34.149618850216299 ], [ -118.528264242876006, 34.1489408504547 ], [ -118.527804242480997, 34.148539850096398 ], [ -118.527534242729004, 34.147954849981801 ], [ -118.527012242682005, 34.148118850688299 ], [ -118.526531242277002, 34.148746850534501 ], [ -118.526484242495997, 34.15046185061 ], [ -118.525790242097003, 34.151034851205203 ], [ -118.525594242848001, 34.152567850771902 ], [ -118.525141242005006, 34.153345850844502 ], [ -118.525409243153007, 34.154210850840201 ], [ -118.525777242329994, 34.154534851384497 ], [ -118.527967242873999, 34.154306850889697 ], [ -118.528870243713001, 34.1544818507423 ], [ -118.527241243315999, 34.158653851261597 ], [ -118.527308242038004, 34.186607868975699 ], [ -118.527308245889998, 34.186609854156799 ], [ -118.518493244189997, 34.186617855243803 ], [ -118.518516243375998, 34.180328854615098 ] ] ] ] } },
{ "type": "Feature", "properties": { "city": "Pacific Palisades", "leading_firm": "COMPASS", "volume_firm": 505384612.0, "volume_city": 1734616483.0, "percent_share": "29.14%" }, "geometry": { "type": "Polygon", "coordinates": [ [ [ -118.557033245922, 34.126530846500302 ], [ -118.556691245338001, 34.126520846341798 ], [ -118.556164245553006, 34.127074846737301 ], [ -118.555859245750995, 34.128183846597899 ], [ -118.554626245760005, 34.128015846292399 ], [ -118.553971241816001, 34.1286042709797 ], [ -118.553898245697994, 34.128669846610599 ], [ -118.553849641206995, 34.128638139365698 ], [ -118.553765260671994, 34.128583092772899 ], [ -118.553665244982, 34.128517846456198 ], [ -118.553634244977999, 34.1282518464918 ], [ -118.554145245517006, 34.127780846434597 ], [ -118.554269245767998, 34.127433846245403 ], [ -118.554770313364003, 34.127060749814703 ], [ -118.554825245559996, 34.127019846171002 ], [ -118.554780235197001, 34.126921462676002 ], [ -118.554662562114999, 34.126664246925102 ], [ -118.554599245435, 34.126525846715097 ], [ -118.553572245124997, 34.126041846922902 ], [ -118.552423245238998, 34.125972846450303 ], [ -118.551598244987005, 34.126318846469204 ], [ -118.550073244860997, 34.126283846701803 ], [ -118.549495244173002, 34.126438846550997 ], [ -118.548098243992996, 34.125825846527597 ], [ -118.546219244183007, 34.126083846595797 ], [ -118.545241243337998, 34.126589846683402 ], [ -118.544422243799005, 34.126552847301703 ], [ -118.539825242833999, 34.128386847268501 ], [ -118.538418242377006, 34.128040847791098 ], [ -118.536820242291995, 34.129218847657498 ], [ -118.536228242478998, 34.129143848078499 ], [ -118.534773241596994, 34.128329848031498 ], [ -118.534149242409995, 34.128222848000597 ], [ -118.532390242190999, 34.128891847592001 ], [ -118.531591241938003, 34.128893847826497 ], [ -118.529736241004997, 34.129371847795802 ], [ -118.528345240766001, 34.128925848587699 ], [ -118.527141240663994, 34.128940848391501 ], [ -118.526459240218998, 34.128626848451603 ], [ -118.527008592046997, 34.128125347172798 ], [ -118.527056241300002, 34.128081848250801 ], [ -118.527053821796997, 34.1280034760142 ], [ -118.527024241066002, 34.127044848197997 ], [ -118.527313241021005, 34.125729847794901 ], [ -118.527331203599999, 34.125686655876301 ], [ -118.527533240509001, 34.125200848213296 ], [ -118.527943240937006, 34.124918847892403 ], [ -118.527945719959007, 34.1248771046752 ], [ -118.528009240990002, 34.123807847877899 ], [ -118.528168240642003, 34.123444847702103 ], [ -118.528018240793003, 34.123062848032902 ], [ -118.528621240502005, 34.122381847671797 ], [ -118.528700240256995, 34.1217448474614 ], [ -118.527630240069996, 34.120361847232203 ], [ -118.527488239849006, 34.1190228467932 ], [ -118.527069240196994, 34.118745846796898 ], [ -118.526373239576003, 34.118591846831698 ], [ -118.526891239796001, 34.118018846853197 ], [ -118.526479239327003, 34.117244847445399 ], [ -118.526473239853004, 34.116644846931401 ], [ -118.526279240047998, 34.116267846657401 ], [ -118.526326239252995, 34.115712846612197 ], [ -118.525928239863006, 34.114858846557702 ], [ -118.526119239139007, 34.113617847015902 ], [ -118.525951239151993, 34.113055846699297 ], [ -118.526189238867005, 34.1122588465986 ], [ -118.525917238763, 34.111536846258701 ], [ -118.526030239224994, 34.111093846178399 ], [ -118.525709239484002, 34.110527846013703 ], [ -118.525899238598996, 34.1093308465381 ], [ -118.525229238351997, 34.108394846280802 ], [ -118.525296238769002, 34.107594846139001 ], [ -118.525797238834002, 34.106704846166402 ], [ -118.525862239096995, 34.1063068455245 ], [ -118.525661238598005, 34.105884845659098 ], [ -118.525331239029995, 34.105632845684298 ], [ -118.525252239042004, 34.105006845802201 ], [ -118.524216238307005, 34.103517845580498 ], [ -118.523989237897993, 34.102751845575597 ], [ -118.523969238006998, 34.101875845903201 ], [ -118.523717237992003, 34.101562845879499 ], [ -118.523713238325001, 34.100618845720398 ], [ -118.523360238216995, 34.099921845650599 ], [ -118.523453237542, 34.098968845401103 ], [ -118.522945237767999, 34.098208845143397 ], [ -118.522954237098006, 34.0973788455277 ], [ -118.522257236876996, 34.095255844976997 ], [ -118.522300236716006, 34.094511844408601 ], [ -118.522010236978005, 34.093837845230603 ], [ -118.522739237427999, 34.092669844591498 ], [ -118.522548236904001, 34.091813844416102 ], [ -118.521639236412, 34.090672844313602 ], [ -118.521288236437996, 34.0897088441235 ], [ -118.521302236593996, 34.0891628439079 ], [ -118.519587235865998, 34.086810843714701 ], [ -118.518696235421004, 34.084432843557302 ], [ -118.518026235250005, 34.0832028436595 ], [ -118.518093235262, 34.082884843540697 ], [ -118.519051235237001, 34.083304843840097 ], [ -118.519226236281995, 34.083243843655197 ], [ -118.518649235593998, 34.082909843862701 ], [ -118.518429235935997, 34.082392844129402 ], [ -118.518568235374005, 34.081959843462698 ], [ -118.518662235120999, 34.082339844040703 ], [ -118.518885236160997, 34.082488844148699 ], [ -118.519751235935004, 34.082530843904301 ], [ -118.519707235332007, 34.082366843732601 ], [ -118.519118235787005, 34.082264843474597 ], [ -118.519166235642004, 34.081693843938602 ], [ -118.518447235826997, 34.081070843461397 ], [ -118.518614235811995, 34.080719843902202 ], [ -118.518767235663006, 34.081066843512602 ], [ -118.519655235326994, 34.081276843449302 ], [ -118.520087235361004, 34.081585843654302 ], [ -118.520876235974001, 34.081598843270903 ], [ -118.519613235595997, 34.080665843645399 ], [ -118.519151235679004, 34.079945843015302 ], [ -118.518834235192003, 34.0789728434696 ], [ -118.519112235516999, 34.078198843287403 ], [ -118.518201234862005, 34.077377843508103 ], [ -118.517831235475001, 34.0767308431532 ], [ -118.517930234759007, 34.076003843069302 ], [ -118.517766234909999, 34.075624842622801 ], [ -118.517521234769006, 34.0754278430678 ], [ -118.516617234939005, 34.075323843412399 ], [ -118.516247234538994, 34.075041843111499 ], [ -118.516056234019004, 34.074475842941197 ], [ -118.516109234821002, 34.074085842840397 ], [ -118.516677234509999, 34.073469842640598 ], [ -118.516836234745995, 34.073003842413499 ], [ -118.516229234820003, 34.071448842847097 ], [ -118.514341233620002, 34.069616842404102 ], [ -118.512980233823995, 34.0685288425191 ], [ -118.512697233083998, 34.067690842248098 ], [ -118.509547233169997, 34.066097842372898 ], [ -118.507118232181, 34.064486842407298 ], [ -118.506636232535996, 34.063892842275997 ], [ -118.506366232250002, 34.063226842723601 ], [ -118.506358232007003, 34.062281842279504 ], [ -118.507067232175999, 34.060972842085903 ], [ -118.507319231555002, 34.060105841904203 ], [ -118.506364231524998, 34.059689841573302 ], [ -118.506318231595998, 34.059140842060799 ], [ -118.506593231325994, 34.058432841644098 ], [ -118.506383231955994, 34.056119841358303 ], [ -118.507620231784003, 34.053899841049699 ], [ -118.507918231006002, 34.052800840942098 ], [ -118.509714231838004, 34.051777840662602 ], [ -118.510310231204997, 34.051104840945897 ], [ -118.509893231654004, 34.050916841079903 ], [ -118.509839510469007, 34.050859654297199 ], [ -118.509773801920005, 34.050789706326299 ], [ -118.509490231894006, 34.050487840853002 ], [ -118.509314136067999, 34.050059086978997 ], [ -118.509192021003997, 34.049761763281303 ], [ -118.509168231765997, 34.049703840552098 ], [ -118.509316231401996, 34.048770840507501 ], [ -118.510179230911007, 34.047456840675203 ], [ -118.510174768767001, 34.047409417853899 ], [ -118.510116318190995, 34.046788269301302 ], [ -118.510112231373995, 34.046744840513597 ], [ -118.510002736992007, 34.046648161316 ], [ -118.509778765128004, 34.046450403420302 ], [ -118.509625231339001, 34.046314840716903 ], [ -118.509312231593995, 34.046247839990698 ], [ -118.509184770488005, 34.0462764992252 ], [ -118.508579491828002, 34.0464125940332 ], [ -118.508338230785995, 34.046466840365397 ], [ -118.508293508053995, 34.046526771789097 ], [ -118.504662231097001, 34.051392840769999 ], [ -118.503973230704005, 34.052102840913598 ], [ -118.503888848955, 34.052148526005197 ], [ -118.502560231016005, 34.052867841271997 ], [ -118.501817230767003, 34.0529568413479 ], [ -118.500448230491003, 34.052825841884598 ], [ -118.499912230209006, 34.052992841526603 ], [ -118.499396230185994, 34.053465841925899 ], [ -118.498708230147002, 34.054609841715198 ], [ -118.496389229781002, 34.056084842225502 ], [ -118.496076229409994, 34.056631842223197 ], [ -118.495551229895995, 34.059871842691798 ], [ -118.495520051922995, 34.059912996934798 ], [ -118.495391124340003, 34.060083181891301 ], [ -118.495201229437995, 34.060333842826097 ], [ -118.495072260819001, 34.0603702798455 ], [ -118.494644738665997, 34.060491064430401 ], [ -118.494440229695002, 34.060548843031299 ], [ -118.494366423157999, 34.060520546561399 ], [ -118.494060468900003, 34.0604032507322 ], [ -118.493694229292004, 34.060262842618101 ], [ -118.493619069725995, 34.060133473427001 ], [ -118.493519780583995, 34.059962571548397 ], [ -118.493407229818999, 34.059768842723699 ], [ -118.493350229699004, 34.058722842853797 ], [ -118.492670229414998, 34.058188842761801 ], [ -118.493078229736, 34.0575098428343 ], [ -118.493176228772001, 34.0568938425059 ], [ -118.493123228797998, 34.056120841917398 ], [ -118.492613228631001, 34.055135842521899 ], [ -118.492460229290998, 34.054455842087002 ], [ -118.492525228458007, 34.053508841952301 ], [ -118.493055123570997, 34.051851077748204 ], [ -118.493280229202995, 34.051146841481902 ], [ -118.493809228637005, 34.050120841349496 ], [ -118.493834375307003, 34.050137480981 ], [ -118.493948195998996, 34.0502127960563 ], [ -118.493983130640999, 34.050242658147802 ], [ -118.494122420097, 34.050361759357202 ], [ -118.494134198526993, 34.050371823714997 ], [ -118.494426682207006, 34.050621921295203 ], [ -118.494550774562001, 34.050491746723601 ], [ -118.494522476182993, 34.050467649099801 ], [ -118.494653228698994, 34.050166841866698 ], [ -118.494867229055004, 34.050349841911697 ], [ -118.494867376244997, 34.050349640265502 ], [ -118.494867441558995, 34.050349695893203 ], [ -118.494867551360002, 34.050349398837099 ], [ -118.495199507319995, 34.049893714168498 ], [ -118.495223657609998, 34.049866227303198 ], [ -118.495345537576, 34.0497266290905 ], [ -118.495401447969996, 34.049624149978499 ], [ -118.495416292399995, 34.049596126970897 ], [ -118.495417229229005, 34.049594841140198 ], [ -118.495487681187996, 34.049521870978701 ], [ -118.497317347611002, 34.047636142674897 ], [ -118.497711021943999, 34.047230380987997 ], [ -118.498295745240995, 34.0466278642376 ], [ -118.499204036859993, 34.045691482260096 ], [ -118.499500511459004, 34.0453858879279 ], [ -118.500047119081003, 34.044822457743699 ], [ -118.500097017469002, 34.0447705614055 ], [ -118.500107394219, 34.044759754964801 ], [ -118.500326102597, 34.0445323041289 ], [ -118.500575285466994, 34.044273144781101 ], [ -118.500816460139006, 34.044022307774298 ], [ -118.501057674264999, 34.043771427746996 ], [ -118.501298599578007, 34.0435208468433 ], [ -118.501539530996993, 34.043270260021302 ], [ -118.501780915140003, 34.043019196625501 ], [ -118.502021591814994, 34.042768869537603 ], [ -118.502032250591995, 34.042757859813598 ], [ -118.502052888937001, 34.042736534666197 ], [ -118.502324417889, 34.042454762858 ], [ -118.502533876022, 34.042237165133798 ], [ -118.502545980917006, 34.042224611321302 ], [ -118.502737232113006, 34.042025967226998 ], [ -118.503151422654994, 34.041596229546201 ], [ -118.503566364538997, 34.041165718290898 ], [ -118.503982645717997, 34.040733881962403 ], [ -118.503993852913993, 34.040744247949398 ], [ -118.504066656687002, 34.040811578336601 ], [ -118.504592230116003, 34.0412978401191 ], [ -118.504592396535998, 34.041297780823598 ], [ -118.504592550089995, 34.041297922624999 ], [ -118.504593503147007, 34.041297391242303 ], [ -118.506610229946006, 34.040586840245503 ], [ -118.506610567818001, 34.040586659421699 ], [ -118.506612053761003, 34.040586142916503 ], [ -118.506646542018004, 34.040567412996602 ], [ -118.507559948286996, 34.040078735884798 ], [ -118.507563339171995, 34.040081261264099 ], [ -118.507566996023002, 34.040074965776299 ], [ -118.507567230258005, 34.040074839477803 ], [ -118.507585098023995, 34.040043793821397 ], [ -118.507599686801001, 34.040018673333599 ], [ -118.507606884739999, 34.040006281180702 ], [ -118.507610196170006, 34.0400005289682 ], [ -118.507797969109006, 34.039674273278003 ], [ -118.507828085759996, 34.039621964678297 ], [ -118.507857131622004, 34.039571130082301 ], [ -118.507921774313999, 34.039458811388002 ], [ -118.508097012186994, 34.039155067984701 ], [ -118.508103689717998, 34.039143493884097 ], [ -118.508108472554994, 34.039135204848101 ], [ -118.508320648847004, 34.0392057839342 ], [ -118.508335364879002, 34.039210228769498 ], [ -118.508357795758997, 34.039159050467902 ], [ -118.508356733406998, 34.039158696128403 ], [ -118.508358230902999, 34.039158839478901 ], [ -118.508128230573007, 34.039081839887402 ], [ -118.508275230419002, 34.0383548391708 ], [ -118.508275182201004, 34.038354567109202 ], [ -118.508229230132997, 34.038095839661302 ], [ -118.508097229708994, 34.038103839212802 ], [ -118.507966553293997, 34.037501477261003 ], [ -118.507953954168002, 34.037442712111798 ], [ -118.507950999746001, 34.037429117625102 ], [ -118.507924717834001, 34.037308243568802 ], [ -118.507911552650995, 34.037247735419299 ], [ -118.507895247096997, 34.037172786117203 ], [ -118.507700229758001, 34.036273839687503 ], [ -118.508714459372001, 34.033970859413799 ], [ -118.508715965486005, 34.0339681601737 ], [ -118.508716652147996, 34.033966932991703 ], [ -118.508740669229994, 34.033818554928501 ], [ -118.508752121303004, 34.033747776504903 ], [ -118.508777569624002, 34.033590461768902 ], [ -118.508814407271998, 34.033362945848701 ], [ -118.508813955568002, 34.0333620308881 ], [ -118.508705525642995, 34.033042578836401 ], [ -118.508737247878997, 34.03303488217 ], [ -118.508821298092997, 34.033014319101397 ], [ -118.508869447291005, 34.033002520589498 ], [ -118.509067845727003, 34.032953870244903 ], [ -118.509496972511002, 34.032848684328997 ], [ -118.509510477038006, 34.0328332398878 ], [ -118.509542856874006, 34.032800897593297 ], [ -118.509554502506006, 34.032789251959699 ], [ -118.509661056127001, 34.032682788543198 ], [ -118.509696060972999, 34.032647825173498 ], [ -118.509771907436004, 34.032572075066398 ], [ -118.509781475731003, 34.032560549071199 ], [ -118.509931643921007, 34.032412486394897 ], [ -118.510094486859998, 34.0322497587538 ], [ -118.510094668747996, 34.032249575874602 ], [ -118.510272588339006, 34.032071877360799 ], [ -118.510326257524, 34.032018230782697 ], [ -118.510361982948993, 34.0319825501549 ], [ -118.510453772226001, 34.031890848925201 ], [ -118.510464405834995, 34.031880204583302 ], [ -118.510474993149998, 34.0318696046116 ], [ -118.510496788056003, 34.031847841286002 ], [ -118.510569830169004, 34.031750001327701 ], [ -118.510765621499999, 34.031487737063699 ], [ -118.510775437679996, 34.031478723428599 ], [ -118.510830955737006, 34.0314277508785 ], [ -118.510920469301993, 34.031365744764898 ], [ -118.511032312911993, 34.031320204420098 ], [ -118.511095619561999, 34.031289265213204 ], [ -118.511121229175004, 34.031276749830099 ], [ -118.511153675106002, 34.031260392893699 ], [ -118.511181168025999, 34.031246148488101 ], [ -118.511238708845994, 34.0312163380027 ], [ -118.511333375205993, 34.031157891572299 ], [ -118.511405334201996, 34.031095703408297 ], [ -118.511470660374997, 34.031015210524998 ], [ -118.511521824930995, 34.030922111900303 ], [ -118.511570616257004, 34.030849636075502 ], [ -118.511657942686, 34.0307857256159 ], [ -118.511733608791005, 34.030744972740301 ], [ -118.511744003350998, 34.030739378812903 ], [ -118.511848449168994, 34.030688402138402 ], [ -118.511943112902998, 34.030630047195302 ], [ -118.512006242889996, 34.030585593300799 ], [ -118.512018928849002, 34.030576663858199 ], [ -118.512250391646006, 34.030382614921898 ], [ -118.512274887220002, 34.030362066808003 ], [ -118.512285296250994, 34.030353366973699 ], [ -118.512308576966007, 34.030333895035 ], [ -118.512424751419999, 34.030236456910799 ], [ -118.512520041352005, 34.030156555702 ], [ -118.512540958082994, 34.030139017636003 ], [ -118.512657196964, 34.0300415790133 ], [ -118.512729698588998, 34.029980789642998 ], [ -118.512768658265998, 34.029940092830202 ], [ -118.512872256692006, 34.029831853167899 ], [ -118.512932729406003, 34.029768668901902 ], [ -118.512975887327002, 34.029723612377801 ], [ -118.513079483967999, 34.0296153454982 ], [ -118.513183114238998, 34.0295071324785 ], [ -118.513234929475999, 34.029452970489999 ], [ -118.513241252729003, 34.029446373199598 ], [ -118.513286043228007, 34.029398319221897 ], [ -118.513367742419007, 34.029310709272799 ], [ -118.513387142919001, 34.029287891789103 ], [ -118.513484044150999, 34.029173913840701 ], [ -118.513524983259998, 34.029125758053098 ], [ -118.513580943963007, 34.029059924100203 ], [ -118.513678001255997, 34.028946054417503 ], [ -118.513757456099, 34.028852637029097 ], [ -118.513766213485994, 34.028842346569597 ], [ -118.513776421963001, 34.028829607667703 ], [ -118.513802252673997, 34.028797383150298 ], [ -118.513877880058999, 34.028746553498799 ], [ -118.513895873552997, 34.028734464815301 ], [ -118.514069414819005, 34.0286138493735 ], [ -118.514146925787003, 34.028542546618702 ], [ -118.514490239500006, 34.028180529230802 ], [ -118.514614528246, 34.028051377966896 ], [ -118.514696891132004, 34.027983740563897 ], [ -118.514793978610996, 34.027927156281599 ], [ -118.514869335344002, 34.0278381902977 ], [ -118.514900376087994, 34.0277893027353 ], [ -118.514999699632995, 34.027551376996499 ], [ -118.515000230135001, 34.027550838318298 ], [ -118.515254216995999, 34.0269434792731 ], [ -118.515254391585998, 34.026943346001801 ], [ -118.515893549569, 34.026426430482701 ], [ -118.516090914046998, 34.026266841401203 ], [ -118.516174527483003, 34.026198618850799 ], [ -118.516751109460003, 34.025732005269397 ], [ -118.519547231241006, 34.0275328379266 ], [ -118.530027233848003, 34.033413838083099 ], [ -118.535638234597997, 34.035117837267499 ], [ -118.543127236342002, 34.038513837160799 ], [ -118.544811545526997, 34.038461965297898 ], [ -118.545069991315998, 34.0385585798835 ], [ -118.545112321325007, 34.038574403739702 ], [ -118.545282321974, 34.038644403400802 ], [ -118.545562321717995, 34.038734404166902 ], [ -118.546112322216999, 34.038844403832201 ], [ -118.546339050851998, 34.038876086005402 ], [ -118.546372322188006, 34.038884403618802 ], [ -118.546442322377004, 34.038884404181204 ], [ -118.546602322438005, 34.038914403546499 ], [ -118.546822322235002, 34.038924403485503 ], [ -118.547072322524997, 34.038954403897399 ], [ -118.547512322155995, 34.039014403900197 ], [ -118.547772321775, 34.039044403500903 ], [ -118.548002322534003, 34.039044403818501 ], [ -118.548062321884004, 34.039044403754701 ], [ -118.548322322866994, 34.039054403300803 ], [ -118.548462321941003, 34.039064403817697 ], [ -118.548732322202, 34.0391344041441 ], [ -118.549212322564003, 34.039194403686402 ], [ -118.549628837775998, 34.039239841961901 ], [ -118.549762323053997, 34.039254403569203 ], [ -118.549952322237999, 34.039264403682203 ], [ -118.550122322264002, 34.039254403792803 ], [ -118.550312322379, 34.039234403681199 ], [ -118.550582323057995, 34.039204403735198 ], [ -118.550762322444001, 34.039164403670398 ], [ -118.550821665431997, 34.039149567679701 ], [ -118.550962322763993, 34.039114403242102 ], [ -118.551172322940999, 34.0390544038288 ], [ -118.551332323200995, 34.039004403263 ], [ -118.551472322883001, 34.038994403222503 ], [ -118.551552323360994, 34.038974403158598 ], [ -118.551882322606005, 34.038894403556398 ], [ -118.552032323267994, 34.038854403475298 ], [ -118.552195967455006, 34.0387971277015 ], [ -118.552232323322002, 34.0387844038721 ], [ -118.552372322584006, 34.038764403803903 ], [ -118.552522322753006, 34.038734403901699 ], [ -118.552722323184994, 34.038674403367999 ], [ -118.552952327114994, 34.038574403493101 ], [ -118.553122322872994, 34.038474403123601 ], [ -118.553232322751995, 34.038404403016898 ], [ -118.553352326785003, 34.038364401695802 ], [ -118.553412324071999, 34.0382944042871 ], [ -118.553475807243004, 34.038252080780403 ], [ -118.553565370369995, 34.038192369568797 ], [ -118.556245238610998, 34.038109836853799 ], [ -118.557855395646996, 34.038581568940501 ], [ -118.557862323679004, 34.038584402928599 ], [ -118.557962323959003, 34.038614403011501 ], [ -118.558072323892006, 34.038674403339499 ], [ -118.558832323955002, 34.038934403126802 ], [ -118.559049754764004, 34.039020302409803 ], [ -118.559642324606997, 34.039254402856699 ], [ -118.559872324346003, 34.039374402690299 ], [ -118.560062324498006, 34.0394644031471 ], [ -118.560275067552993, 34.039505315263497 ], [ -118.560322324420994, 34.039514403478201 ], [ -118.560542324029001, 34.039614402691797 ], [ -118.560762324435998, 34.039694403525701 ], [ -118.561002325025996, 34.039794402775797 ], [ -118.561182324347996, 34.039854403197999 ], [ -118.561572324815998, 34.0399944032295 ], [ -118.561721340719004, 34.040039108063603 ], [ -118.561772325020996, 34.040054403512201 ], [ -118.562502324364999, 34.040334403391803 ], [ -118.562692329247994, 34.0403944036456 ], [ -118.562712322085005, 34.0404244012052 ], [ -118.562792324895995, 34.040434403269003 ], [ -118.562852325291004, 34.040434403067898 ], [ -118.563097753229002, 34.040522056025701 ], [ -118.563132325428995, 34.040534402770597 ], [ -118.563399492591003, 34.040629820574701 ], [ -118.563552325282998, 34.040684403369603 ], [ -118.563612325201007, 34.040704403480902 ], [ -118.563846713627001, 34.040782533892298 ], [ -118.564335951730001, 34.040945612547098 ], [ -118.564482325621995, 34.040994403107597 ], [ -118.564799433190004, 34.041064872206398 ], [ -118.565260879698997, 34.041167415131099 ], [ -118.565292325485004, 34.041174402711803 ], [ -118.565452325595999, 34.0411944034038 ], [ -118.565622325670006, 34.041184403336601 ], [ -118.565722656654003, 34.041179625737797 ], [ -118.565832325244003, 34.0411744031125 ], [ -118.566022325961001, 34.041194403098601 ], [ -118.566177847670005, 34.041219286736698 ], [ -118.566272325547999, 34.041234403388998 ], [ -118.566522325932993, 34.041284403054 ], [ -118.566619474164995, 34.041308097692202 ], [ -118.566932325978996, 34.0413844033286 ], [ -118.567027721071, 34.0414082519207 ], [ -118.567075257563005, 34.041420139080202 ], [ -118.569595531399997, 34.046140874065401 ], [ -118.569623555757005, 34.046193968882903 ], [ -118.569720255923997, 34.046374846948702 ], [ -118.569751792044997, 34.046433566114601 ], [ -118.570119241501999, 34.0471218365903 ], [ -118.570126584457995, 34.047688625488902 ], [ -118.570128660763999, 34.047848856600503 ], [ -118.570131325111007, 34.048132419442901 ], [ -118.570131364763, 34.048136649289098 ], [ -118.570133902294003, 34.0482534617827 ], [ -118.570141235145002, 34.048819374462099 ], [ -118.570142449147994, 34.048915517251103 ], [ -118.570144099575003, 34.049051228448597 ], [ -118.570144528613994, 34.049075408476199 ], [ -118.570144639730998, 34.049082178529801 ], [ -118.570158702521994, 34.0501675909196 ], [ -118.570159359342, 34.050219950265301 ], [ -118.570160984040001, 34.050346950896397 ], [ -118.570160998084006, 34.050349011754697 ], [ -118.570203533110998, 34.053630496241396 ], [ -118.570310236409995, 34.061873957404103 ], [ -118.570312756443997, 34.062064375572298 ], [ -118.570338621326997, 34.064061486994603 ], [ -118.570347702158998, 34.064763890763899 ], [ -118.570360221879, 34.065728347679801 ], [ -118.570407015230003, 34.069351297055 ], [ -118.571415026912007, 34.069526025166198 ], [ -118.571736958228996, 34.069581804692703 ], [ -118.571809623692005, 34.069594394241598 ], [ -118.571813689886994, 34.069595089915097 ], [ -118.572061900161003, 34.0696381560088 ], [ -118.573798387666002, 34.069939086200598 ], [ -118.574778345230001, 34.070108918725197 ], [ -118.576319665268002, 34.070376035540797 ], [ -118.577591454518, 34.070596360647599 ], [ -118.578360437038, 34.070729576713902 ], [ -118.578737556281993, 34.0707949073945 ], [ -118.580149568823998, 34.071039594786797 ], [ -118.587772658277999, 34.072360010418301 ], [ -118.587856341524997, 34.072374502089403 ], [ -118.588198867068996, 34.072433943039101 ], [ -118.588358059602001, 34.0724613571956 ], [ -118.588358084773006, 34.072461393134702 ], [ -118.590806580299002, 34.072885507786403 ], [ -118.590809886610003, 34.072886096550498 ], [ -118.591626189714006, 34.073027438071001 ], [ -118.596274182548996, 34.073832141888097 ], [ -118.599216236865004, 34.074341836358798 ], [ -118.599202282896002, 34.074364406321003 ], [ -118.599200553735002, 34.074367272793999 ], [ -118.599186196307997, 34.074390539846299 ], [ -118.599094441803999, 34.074539231369101 ], [ -118.599055582093996, 34.074601839806597 ], [ -118.599006081978999, 34.074682421893897 ], [ -118.564764246682003, 34.130172846234302 ], [ -118.565826246962999, 34.130577845911702 ], [ -118.566041247377001, 34.130870846362001 ], [ -118.564881247591003, 34.131290846223102 ], [ -118.564410264703994, 34.131667437780997 ], [ -118.564397247204994, 34.1316778464872 ], [ -118.564206952747995, 34.131362859952901 ], [ -118.563988247054994, 34.131000846824897 ], [ -118.563944905343007, 34.130970291065204 ], [ -118.563878181544993, 34.130923254155299 ], [ -118.563666247106994, 34.130773846156998 ], [ -118.562826336026006, 34.130582655906601 ], [ -118.562534709465993, 34.130516272342497 ], [ -118.562146247214002, 34.1304278467492 ], [ -118.561388246838007, 34.130395205064602 ], [ -118.561101246451997, 34.130382846828802 ], [ -118.561059859712003, 34.130360527388703 ], [ -118.560541246173997, 34.130080846749699 ], [ -118.560060245938004, 34.130025846393202 ], [ -118.560053367467006, 34.130005015637103 ], [ -118.559849246826005, 34.129386846723598 ], [ -118.559444007018996, 34.128884821314699 ], [ -118.559334246288998, 34.128748846367998 ], [ -118.559296765518994, 34.128720330877897 ], [ -118.558017245743002, 34.127746846360303 ], [ -118.557849246323002, 34.127125846075501 ], [ -118.557784894546003, 34.127045183536502 ], [ -118.557693102946004, 34.1269301238613 ], [ -118.557490245997002, 34.126675846188398 ], [ -118.557275802915001, 34.126607806596802 ], [ -118.557134013614004, 34.126562818699099 ], [ -118.557033245922, 34.126530846500302 ] ] ] } },
{ "type": "Feature", "properties": { "city": "Sherman Oaks", "leading_firm": "COMPASS", "volume_firm": 272698312.0, "volume_city": 1895922388.0, "percent_share": "14.38%" }, "geometry": { "type": "Polygon", "coordinates": [ [ [ -118.413788197124006, 34.156638857912696 ], [ -118.413787224293003, 34.1539928571326 ], [ -118.418151224705994, 34.153991856911098 ], [ -118.418150223986999, 34.148175856919899 ], [ -118.418396224751007, 34.148053856256702 ], [ -118.419182224544002, 34.1483048561769 ], [ -118.420877224774003, 34.148360856232898 ], [ -118.422514225669005, 34.149692856973601 ], [ -118.422513224922, 34.146578856443703 ], [ -118.418341223593004, 34.145886856440001 ], [ -118.418820224347996, 34.144083856528503 ], [ -118.416770223540993, 34.143449856552699 ], [ -118.415679223419005, 34.143463856036703 ], [ -118.414781223359, 34.1429098558108 ], [ -118.414531223580994, 34.141427855805503 ], [ -118.414144223106007, 34.140783856058597 ], [ -118.413696222742004, 34.140527855816998 ], [ -118.413440222207001, 34.138814856121499 ], [ -118.412168222833998, 34.1367848557381 ], [ -118.413084222661993, 34.135489855378196 ], [ -118.414273222166003, 34.134393855735297 ], [ -118.414303222767998, 34.134156854968701 ], [ -118.414273222977002, 34.1341444309205 ], [ -118.413808221913996, 34.133951854987799 ], [ -118.413202221865006, 34.134681855593698 ], [ -118.412077222614997, 34.1349578556677 ], [ -118.411568221680994, 34.132705855016397 ], [ -118.411122221824002, 34.132326855409602 ], [ -118.410869221419006, 34.132453855154097 ], [ -118.410863221609006, 34.132803855100903 ], [ -118.410388221592001, 34.1335658551412 ], [ -118.409892221914006, 34.133621855688197 ], [ -118.409876206611003, 34.133589560125102 ], [ -118.409529222062005, 34.132889855729097 ], [ -118.409017221580001, 34.132834855526397 ], [ -118.409063221148003, 34.132202855571997 ], [ -118.408528220917006, 34.132100855568602 ], [ -118.408646220980003, 34.131621855754503 ], [ -118.408193220768993, 34.131193855199697 ], [ -118.408432550341999, 34.1302789401743 ], [ -118.408447220849993, 34.130222855548801 ], [ -118.408424318665993, 34.130209720004402 ], [ -118.407860557215002, 34.129886385893002 ], [ -118.407674307210002, 34.129779566286302 ], [ -118.407631221222005, 34.129754855311099 ], [ -118.407525220557005, 34.129453854966997 ], [ -118.409008220936002, 34.1297048554814 ], [ -118.412129221688005, 34.129572855217198 ], [ -118.412588221746006, 34.129448855144197 ], [ -118.413207221470003, 34.128949854675298 ], [ -118.414023222344994, 34.128987855160801 ], [ -118.414219221739003, 34.1287188545286 ], [ -118.414083222014, 34.128081855063797 ], [ -118.414507221495995, 34.127538854505403 ], [ -118.414590221547996, 34.126965854623499 ], [ -118.414952221906006, 34.126524854126998 ], [ -118.415450222485006, 34.126416854860601 ], [ -118.416256222319006, 34.126677854547196 ], [ -118.416817222364003, 34.127207854553298 ], [ -118.418056222714995, 34.127119854248697 ], [ -118.419492222415997, 34.127634854362803 ], [ -118.420779223167997, 34.1284718545527 ], [ -118.421184223612002, 34.129686854657102 ], [ -118.421411223803005, 34.1299028544544 ], [ -118.422350223639, 34.129800854202301 ], [ -118.423202223770005, 34.1302588539452 ], [ -118.424653223370001, 34.130207854212699 ], [ -118.426795224225003, 34.131217854333599 ], [ -118.427463224687003, 34.131173854532598 ], [ -118.428648224770996, 34.131449854346002 ], [ -118.429385224548994, 34.131333853915301 ], [ -118.430022224877007, 34.132059853772901 ], [ -118.431042224988005, 34.131670853776903 ], [ -118.431765225370995, 34.131965854057299 ], [ -118.432898225764006, 34.131835854126898 ], [ -118.433452225184993, 34.131539853723197 ], [ -118.434122225427004, 34.130873853984603 ], [ -118.434993225461994, 34.130583854055899 ], [ -118.435757225505, 34.130675853909104 ], [ -118.438473225948002, 34.131603853946103 ], [ -118.439426225931996, 34.131212853359997 ], [ -118.440611226572997, 34.131517853929097 ], [ -118.441537455542004, 34.131113820459703 ], [ -118.442830753185007, 34.130549668380802 ], [ -118.443362120619994, 34.130317879546702 ], [ -118.443378226975, 34.130310853377402 ], [ -118.446378227435005, 34.130525852880098 ], [ -118.448704228175998, 34.131270853387498 ], [ -118.449571227638003, 34.131873852804397 ], [ -118.451401229010003, 34.1317628526525 ], [ -118.453143228585006, 34.131993852452098 ], [ -118.453197823929997, 34.132015072848901 ], [ -118.453920229429002, 34.132295852987497 ], [ -118.454654228858999, 34.132893853082997 ], [ -118.455540228919006, 34.1329128529865 ], [ -118.455916228825004, 34.132757852793702 ], [ -118.456360229260994, 34.132233852549298 ], [ -118.456995229146997, 34.132091852846997 ], [ -118.457775229975994, 34.131624852992601 ], [ -118.458434229624999, 34.130831852461 ], [ -118.458521052639995, 34.130793443024103 ], [ -118.458730898390002, 34.130700609578 ], [ -118.459137229872994, 34.130520852342002 ], [ -118.459610516991006, 34.1304672674299 ], [ -118.460771230115, 34.130335852138302 ], [ -118.461647230257995, 34.1307738519669 ], [ -118.462964230533004, 34.131079852309902 ], [ -118.464093230619994, 34.130137852344703 ], [ -118.465593230834003, 34.130225852040503 ], [ -118.467494230648001, 34.129379851996902 ], [ -118.468978230863001, 34.129589851650003 ], [ -118.469795231874997, 34.130276851829201 ], [ -118.470663387200005, 34.130097681450799 ], [ -118.470798231331003, 34.1300698513786 ], [ -118.471556231855004, 34.129571851197099 ], [ -118.473648231943997, 34.126829851223903 ], [ -118.474468232356003, 34.126473850849699 ], [ -118.475683231578998, 34.1263508509386 ], [ -118.474812232426004, 34.127539851085302 ], [ -118.474251232015007, 34.128681851492502 ], [ -118.471558232326998, 34.137320852756403 ], [ -118.471361232066002, 34.139012852365099 ], [ -118.471610232276007, 34.142564853184098 ], [ -118.471180232492998, 34.145805853546698 ], [ -118.470378232566006, 34.147621853807202 ], [ -118.470522233267005, 34.147947853830701 ], [ -118.469574233280994, 34.148355854164002 ], [ -118.468637232673004, 34.150263854371801 ], [ -118.468236233127001, 34.1517648539972 ], [ -118.468108232543997, 34.153115853996702 ], [ -118.468211233212003, 34.154150854158999 ], [ -118.468897233695003, 34.154264854110103 ], [ -118.469165233496, 34.155279854761602 ], [ -118.469015232971998, 34.1554328547005 ], [ -118.468764232867002, 34.155261854783497 ], [ -118.468411233116001, 34.154343854738499 ], [ -118.469656234018998, 34.158409855105702 ], [ -118.469663233923001, 34.162899855509202 ], [ -118.470506162500001, 34.163377248357399 ], [ -118.470507234199999, 34.163377855431797 ], [ -118.470486881287997, 34.163402657564298 ], [ -118.470046769589004, 34.163938967256399 ], [ -118.469958234494001, 34.164046855219702 ], [ -118.469472340463994, 34.166742476631001 ], [ -118.469445234324994, 34.166892856016297 ], [ -118.468022608791003, 34.169682431403501 ], [ -118.467963234129002, 34.169798856202597 ], [ -118.467769234952996, 34.170820856305298 ], [ -118.467782234416006, 34.172110856144002 ], [ -118.467549237496002, 34.172110968318499 ], [ -118.466414162427, 34.1721115152924 ], [ -118.413796225265997, 34.172136859469497 ], [ -118.414033225826003, 34.171352859515601 ], [ -118.413795225048005, 34.1693798590046 ], [ -118.413791224606996, 34.164873858761297 ], [ -118.413788197124006, 34.156638857912696 ] ] ] } },
{ "type": "Feature", "properties": { "city": "Studio City", "leading_firm": "COMPASS", "volume_firm": 277652208.0, "volume_city": 1223628778.0, "percent_share": "22.69%" }, "geometry": { "type": "Polygon", "coordinates": [ [ [ -118.403428222201995, 34.156632858049299 ], [ -118.402751663878007, 34.156422687810498 ], [ -118.402060677188004, 34.156208035156503 ], [ -118.401944222647003, 34.1561718586794 ], [ -118.401148121901002, 34.1557902023007 ], [ -118.399516221607001, 34.155007858225503 ], [ -118.399363629248995, 34.154973135655602 ], [ -118.398220256710999, 34.154712960064003 ], [ -118.397556221049996, 34.154561858661197 ], [ -118.397421394667006, 34.154562078319998 ], [ -118.385771847697001, 34.154581090615999 ], [ -118.378749829884995, 34.154592550083898 ], [ -118.378560218424994, 34.154592859908803 ], [ -118.378324218271999, 34.154571859823399 ], [ -118.378285470609001, 34.1545306897739 ], [ -118.377814432286002, 34.154030212176899 ], [ -118.377636217920994, 34.153840859319203 ], [ -118.376725218298006, 34.153263859890799 ], [ -118.375639217105004, 34.1529648597906 ], [ -118.375579077793006, 34.152960498366198 ], [ -118.374853217216, 34.152907859996397 ], [ -118.375436217567994, 34.153586859994498 ], [ -118.374323217064997, 34.153195859779203 ], [ -118.373133217562994, 34.1529988596617 ], [ -118.370220216513999, 34.153071859541903 ], [ -118.370220216893003, 34.152876859913597 ], [ -118.367474555911997, 34.153035321058901 ], [ -118.367465216080006, 34.153035859714699 ], [ -118.366084472946994, 34.1507142784302 ], [ -118.360927213931006, 34.142042859663299 ], [ -118.361003221011003, 34.141082667331297 ], [ -118.361006213970001, 34.141044858795098 ], [ -118.362354214489997, 34.138700858628198 ], [ -118.361861213934006, 34.138596858376701 ], [ -118.361353239523993, 34.1387384152479 ], [ -118.361321106564006, 34.138737964964101 ], [ -118.361218158569997, 34.138736522741901 ], [ -118.360939321264993, 34.1387326144268 ], [ -118.360723402120996, 34.138729587862002 ], [ -118.359927551685999, 34.138730096562298 ], [ -118.359832885003996, 34.138730156606798 ], [ -118.359832909046006, 34.1388926376369 ], [ -118.359832908805004, 34.138894092716399 ], [ -118.359832952131001, 34.139162040763203 ], [ -118.359832952263005, 34.139162071415001 ], [ -118.359160312822993, 34.139349514030698 ], [ -118.359159608076993, 34.139349515222897 ], [ -118.358597179775998, 34.139349570245699 ], [ -118.358434008193001, 34.139349585362702 ], [ -118.358433854233994, 34.139349585819197 ], [ -118.358431848400997, 34.139349585455697 ], [ -118.357335360896002, 34.138454763095297 ], [ -118.357339261158998, 34.138447483384901 ], [ -118.357339517176996, 34.138447009321901 ], [ -118.357339624849999, 34.1384468341057 ], [ -118.357353906640995, 34.138423604388201 ], [ -118.357381890924998, 34.138378088765599 ], [ -118.357382360377997, 34.138377324678501 ], [ -118.357391425379006, 34.138362579405999 ], [ -118.357540276853001, 34.138273102672898 ], [ -118.357632159019005, 34.138217869655598 ], [ -118.357635337361003, 34.138215958913797 ], [ -118.357658114578996, 34.138202267517997 ], [ -118.357708746065995, 34.138254358099204 ], [ -118.357761817305999, 34.138303961314101 ], [ -118.357817205288995, 34.138350962126999 ], [ -118.357820438869993, 34.138353596760197 ], [ -118.357840895278997, 34.138369651160097 ], [ -118.357914196726, 34.138420674744602 ], [ -118.357990857676995, 34.138466498194703 ], [ -118.358070507457995, 34.138506900824098 ], [ -118.358152765750006, 34.138541689022098 ], [ -118.358237234997006, 34.138570695374 ], [ -118.358323511259002, 34.138593781334599 ], [ -118.358411179867005, 34.138610835437298 ], [ -118.358499818686994, 34.138621775087998 ], [ -118.358867387974001, 34.138657666373497 ], [ -118.358868832594993, 34.138639586291902 ], [ -118.358869257625003, 34.138634286704097 ], [ -118.358908993900002, 34.1381372665372 ], [ -118.358915686217998, 34.138053565212601 ], [ -118.358601539717, 34.138035306525801 ], [ -118.357840301468002, 34.137991133206597 ], [ -118.357841746396005, 34.137973075675603 ], [ -118.357868690025001, 34.137636242555601 ], [ -118.357804647023002, 34.137567157221802 ], [ -118.357782661138998, 34.137510863688703 ], [ -118.357754248584996, 34.137327525820503 ], [ -118.357726563417998, 34.137259900612399 ], [ -118.357669821795994, 34.137182439972001 ], [ -118.357639489915996, 34.137106386004 ], [ -118.357624290947996, 34.137006408283199 ], [ -118.357644240569996, 34.1367568961263 ], [ -118.357634565170002, 34.136712298732199 ], [ -118.357512215287002, 34.1365857631762 ], [ -118.357450097626, 34.136534122090801 ], [ -118.357392466912003, 34.136426300229502 ], [ -118.357392904451004, 34.136296873566103 ], [ -118.357287896721004, 34.136230339610698 ], [ -118.357164902614002, 34.135853803449898 ], [ -118.357051304405999, 34.135506028157302 ], [ -118.357036896430003, 34.135452411308897 ], [ -118.357028410354999, 34.1353975445694 ], [ -118.357025946529006, 34.1353420794538 ], [ -118.357029534868005, 34.1352866766997 ], [ -118.357039133710003, 34.135231992747698 ], [ -118.357054626571994, 34.135178679750602 ], [ -118.357075831830002, 34.135127369317601 ], [ -118.357093489907996, 34.135089826794101 ], [ -118.357086415466, 34.135087500093398 ], [ -118.355039229225994, 34.134414235708697 ], [ -118.354885578679003, 34.134367514047803 ], [ -118.354729997426006, 34.134327695506798 ], [ -118.353601437451005, 34.1340652816559 ], [ -118.353497324640998, 34.134044395570697 ], [ -118.353392168761005, 34.134029626659398 ], [ -118.353286329948006, 34.134021026155899 ], [ -118.353180169325, 34.1340186227537 ], [ -118.353074050101995, 34.134022425308103 ], [ -118.352968333226997, 34.134032421044999 ], [ -118.352863381727005, 34.134048575549102 ], [ -118.352759553116002, 34.134070832785198 ], [ -118.352454004492003, 34.134146243190301 ], [ -118.352397087956007, 34.134157037332002 ], [ -118.352339346597006, 34.134161716031002 ], [ -118.352281436121999, 34.134160225987799 ], [ -118.352224011453004, 34.134152584225902 ], [ -118.352167725637003, 34.134138878095797 ], [ -118.352167411915005, 34.134138783447 ], [ -118.352149709379006, 34.134161875562498 ], [ -118.352148595874993, 34.134164175918798 ], [ -118.352148563631005, 34.1341642427263 ], [ -118.352142109672002, 34.134177643019399 ], [ -118.352124960113002, 34.134173214148902 ], [ -118.352123276916004, 34.134173078412502 ], [ -118.352107306075993, 34.134171792464699 ], [ -118.352089669215005, 34.1341734188196 ], [ -118.352089271778993, 34.134173526358403 ], [ -118.352068642922006, 34.134156691667002 ], [ -118.351951212418001, 34.134060858724403 ], [ -118.352528212555995, 34.133110858479697 ], [ -118.352872211774994, 34.132101858734899 ], [ -118.355895212253003, 34.132876858686501 ], [ -118.356433212783998, 34.132123857981 ], [ -118.356678212640006, 34.1325828580595 ], [ -118.357243213323002, 34.1328848583357 ], [ -118.357743212396997, 34.132878858409001 ], [ -118.358068213530004, 34.133241858696799 ], [ -118.358718212756003, 34.132754858437401 ], [ -118.359289212780993, 34.133091858740201 ], [ -118.360053213805998, 34.133007858560703 ], [ -118.360121212877004, 34.132583858472699 ], [ -118.360638213187002, 34.132405858622398 ], [ -118.360819213498999, 34.132000857984799 ], [ -118.361210213418005, 34.1318448577616 ], [ -118.361283213907001, 34.131376857939898 ], [ -118.361549213106997, 34.131147857769101 ], [ -118.362735213139004, 34.131516857891299 ], [ -118.362744400588994, 34.131527969696798 ], [ -118.363136213361997, 34.132001858449101 ], [ -118.363154646186004, 34.132001930188899 ], [ -118.363246724665004, 34.132002290004401 ], [ -118.363392214103996, 34.132002857921002 ], [ -118.363403568709998, 34.131959567194798 ], [ -118.363416216917003, 34.131911343882102 ], [ -118.363440213294993, 34.131819857805503 ], [ -118.363302811400999, 34.131721413844403 ], [ -118.363112213904998, 34.131584857540901 ], [ -118.362987213229005, 34.131192857551603 ], [ -118.362555214072998, 34.130719857891599 ], [ -118.362120213286005, 34.130560857979802 ], [ -118.361932212865, 34.130240857477197 ], [ -118.361895897568004, 34.130238693438102 ], [ -118.361110212756003, 34.130191858120703 ], [ -118.360693213473994, 34.130501858418803 ], [ -118.360673320939, 34.130496822296998 ], [ -118.360564138323994, 34.130469180591803 ], [ -118.360456213649002, 34.1304418577867 ], [ -118.360455960346002, 34.130418565564298 ], [ -118.360455638678005, 34.130388972712801 ], [ -118.360454213577995, 34.130257857611397 ], [ -118.360773212745997, 34.130023858040502 ], [ -118.360862415564995, 34.129992947664498 ], [ -118.362340213246995, 34.129480857565099 ], [ -118.363000213953001, 34.129947858000399 ], [ -118.363271213168005, 34.129789857484901 ], [ -118.362820213223998, 34.129600858198998 ], [ -118.362457213206, 34.129217857866799 ], [ -118.361065213276007, 34.129363858080403 ], [ -118.360499213047007, 34.128565857391401 ], [ -118.359843770715003, 34.128450867762297 ], [ -118.359815212605994, 34.128445858200301 ], [ -118.359776589796994, 34.128384931993097 ], [ -118.359715152522995, 34.128288016754503 ], [ -118.359673212800004, 34.128221857956298 ], [ -118.359925213113002, 34.127633857439697 ], [ -118.360361212735995, 34.127352857823297 ], [ -118.360720213445006, 34.127877857360502 ], [ -118.360810883301994, 34.127919869661099 ], [ -118.361235781467002, 34.128116744575699 ], [ -118.361443213303005, 34.128212857444304 ], [ -118.361503520688004, 34.128213751722598 ], [ -118.363332213240994, 34.1282408573487 ], [ -118.365490213523003, 34.1289168571762 ], [ -118.366801213588005, 34.1289448570855 ], [ -118.367581951320005, 34.129395611701597 ], [ -118.367622214193005, 34.129418857064302 ], [ -118.369558669236994, 34.1292232463529 ], [ -118.369592214803006, 34.129219857687197 ], [ -118.369615051516007, 34.1292524892717 ], [ -118.370028214504998, 34.1298428572562 ], [ -118.370999214467005, 34.130027857436602 ], [ -118.372242215130996, 34.1310348570969 ], [ -118.373439215645007, 34.130984857552903 ], [ -118.373448279642005, 34.130937455629102 ], [ -118.373508967689006, 34.130620074349302 ], [ -118.373513215735002, 34.130597857289402 ], [ -118.372990215602996, 34.130252856877199 ], [ -118.372593215635007, 34.129355857436799 ], [ -118.371872215246995, 34.128846857257301 ], [ -118.372004215122999, 34.128191857488098 ], [ -118.371336214148997, 34.126783856964799 ], [ -118.371596214538002, 34.126526856713497 ], [ -118.372490214894995, 34.1263858570846 ], [ -118.373354215212004, 34.1268538571682 ], [ -118.373979214932007, 34.126632857140898 ], [ -118.374209215277006, 34.125612856906898 ], [ -118.374734214954998, 34.124793856310397 ], [ -118.374760214982999, 34.123902856159901 ], [ -118.375573215117996, 34.123411856040399 ], [ -118.375819214592994, 34.123079856217899 ], [ -118.375811214779006, 34.122700856414802 ], [ -118.375536215243997, 34.1222048566556 ], [ -118.375796792263998, 34.121915532670002 ], [ -118.375817214918996, 34.121892855940899 ], [ -118.375876459552998, 34.121908853377398 ], [ -118.377365214936006, 34.1223108557027 ], [ -118.378076214922004, 34.122213856103897 ], [ -118.378774215888996, 34.122566856040699 ], [ -118.379727215589, 34.122576855912897 ], [ -118.380777216313007, 34.123080855907197 ], [ -118.381116215527996, 34.122955855952902 ], [ -118.381516760188006, 34.122440870787401 ], [ -118.381550216009998, 34.122397855658903 ], [ -118.381583717799998, 34.1224048161341 ], [ -118.382580216348998, 34.122611855499201 ], [ -118.383304216506005, 34.122121855711498 ], [ -118.383358820409001, 34.1221233007861 ], [ -118.385004216325996, 34.122166855473402 ], [ -118.385564216240994, 34.121686855778798 ], [ -118.386083076247999, 34.121574173439001 ], [ -118.386158216626995, 34.121557855387302 ], [ -118.386217219838997, 34.121590901091601 ], [ -118.386626366962005, 34.121820054505598 ], [ -118.386699216672, 34.121860855774401 ], [ -118.386709648495994, 34.121888129934099 ], [ -118.387140216592002, 34.123013855943803 ], [ -118.387304205182005, 34.1231759731401 ], [ -118.387370614293005, 34.123241624765299 ], [ -118.387403217206, 34.123273855675798 ], [ -118.387476200490994, 34.123273425187698 ], [ -118.389020358099003, 34.123264308868201 ], [ -118.389097217743, 34.1232638559093 ], [ -118.389605344008004, 34.123082451757597 ], [ -118.390040641284003, 34.122927048228703 ], [ -118.390139217286006, 34.122891855035 ], [ -118.390516217829997, 34.122260855659199 ], [ -118.391403217686999, 34.122191855139199 ], [ -118.392069217758007, 34.121580855530702 ], [ -118.392786218026004, 34.121242854779801 ], [ -118.393241217544002, 34.120109854874499 ], [ -118.394081218197996, 34.120270855023499 ], [ -118.395218217966004, 34.119792854730498 ], [ -118.396238217755993, 34.119115854323802 ], [ -118.397391393356997, 34.119097488448901 ], [ -118.397431218723995, 34.119096854436101 ], [ -118.398167218645995, 34.119823854467498 ], [ -118.398135219001006, 34.121451854863302 ], [ -118.398782218475006, 34.1217978547662 ], [ -118.399025219394005, 34.122452854963498 ], [ -118.39995721935, 34.1230458552538 ], [ -118.400207219587998, 34.123510854518003 ], [ -118.400907219513002, 34.124123855235602 ], [ -118.401957219476998, 34.124475854705103 ], [ -118.402270219593007, 34.124888855054103 ], [ -118.403025219642998, 34.125313855062899 ], [ -118.403316219475997, 34.125972855487298 ], [ -118.403380219775002, 34.126598854966801 ], [ -118.403875219881996, 34.127202855498197 ], [ -118.403928219744998, 34.127850855629198 ], [ -118.404317282780994, 34.127946751348901 ], [ -118.404354220466004, 34.1279558550183 ], [ -118.405401796171006, 34.127626498 ], [ -118.405868220903002, 34.127479854637301 ], [ -118.406076743707004, 34.1275474357885 ], [ -118.406270530466998, 34.127610241085897 ], [ -118.406337220975004, 34.127631854842903 ], [ -118.406673220271003, 34.128059854742801 ], [ -118.407019712996004, 34.129090833218598 ], [ -118.407040221052, 34.129151855028802 ], [ -118.407525220557005, 34.129453854966997 ], [ -118.407674307210002, 34.129779566286302 ], [ -118.407682220981002, 34.129796855421901 ], [ -118.407860557215002, 34.129886385893002 ], [ -118.408419220948005, 34.130166855605701 ], [ -118.408424318665993, 34.130209720004402 ], [ -118.408432550341999, 34.1302789401743 ], [ -118.408463221682993, 34.130536855618097 ], [ -118.408193220768993, 34.131193855199697 ], [ -118.408646220980003, 34.131621855754503 ], [ -118.408528220917006, 34.132100855568602 ], [ -118.409063221148003, 34.132202855571997 ], [ -118.409017221580001, 34.132834855526397 ], [ -118.409529222062005, 34.132889855729097 ], [ -118.409848222110995, 34.133590855859403 ], [ -118.409876206611003, 34.133589560125102 ], [ -118.410388221592001, 34.1335658551412 ], [ -118.410863221609006, 34.132803855100903 ], [ -118.410869221419006, 34.132453855154097 ], [ -118.411122221824002, 34.132326855409602 ], [ -118.411568221680994, 34.132705855016397 ], [ -118.412077222614997, 34.1349578556677 ], [ -118.413202221865006, 34.134681855593698 ], [ -118.413808221913996, 34.133951854987799 ], [ -118.414273222285999, 34.134101854906604 ], [ -118.414273222977002, 34.1341444309205 ], [ -118.414273222166003, 34.134393855735297 ], [ -118.413084222661993, 34.135489855378196 ], [ -118.412168222833998, 34.1367848557381 ], [ -118.413440222207001, 34.138814856121499 ], [ -118.413696222742004, 34.140527855816998 ], [ -118.414144223106007, 34.140783856058597 ], [ -118.414531223580994, 34.141427855805503 ], [ -118.414781223359, 34.1429098558108 ], [ -118.415679223419005, 34.143463856036703 ], [ -118.416770223540993, 34.143449856552699 ], [ -118.418820224347996, 34.144083856528503 ], [ -118.418341223593004, 34.145886856440001 ], [ -118.422513224922, 34.146578856443703 ], [ -118.422514225669005, 34.149692856973601 ], [ -118.420877224774003, 34.148360856232898 ], [ -118.419182224544002, 34.1483048561769 ], [ -118.418396224751007, 34.148053856256702 ], [ -118.418150223986999, 34.148175856919899 ], [ -118.418151224705994, 34.153991856911098 ], [ -118.413787224293003, 34.1539928571326 ], [ -118.413788210679002, 34.156638857866298 ], [ -118.405233222953996, 34.156602858365801 ], [ -118.405233223010001, 34.156795858656402 ], [ -118.403682556400994, 34.156655826010102 ], [ -118.403428222201995, 34.156632858049299 ] ] ] } },
{ "type": "Feature", "properties": { "city": "Venice", "leading_firm": "COMPASS", "volume_firm": 304867116.0, "volume_city": 1119679045.0, "percent_share": "27.23%" }, "geometry": { "type": "MultiPolygon", "coordinates": [ [ [ [ -118.456185290316995, 33.962472399801896 ], [ -118.457370817975999, 33.961905112515197 ], [ -118.457386542530998, 33.961914159266499 ], [ -118.457395685571001, 33.961919428310303 ], [ -118.457047016621004, 33.962078125710299 ], [ -118.456670816268996, 33.9622493232878 ], [ -118.456371716953001, 33.962400823461799 ], [ -118.456185290316995, 33.962472399801896 ] ] ], [ [ [ -118.452306158902005, 33.964328602192502 ], [ -118.454468944864004, 33.963293687785701 ], [ -118.454256915936995, 33.963414223305001 ], [ -118.453990116173003, 33.963578023538297 ], [ -118.453712016658002, 33.963700324003099 ], [ -118.453286411345999, 33.963925849097301 ], [ -118.452306158902005, 33.964328602192502 ] ] ], [ [ [ -118.456002218744999, 34.009883838989197 ], [ -118.444353264650999, 33.994636902119097 ], [ -118.444353215606, 33.994636838290802 ], [ -118.444725215806002, 33.994379838231197 ], [ -118.448484216330002, 33.993363837571401 ], [ -118.447190216609002, 33.990763838062598 ], [ -118.447842216672001, 33.990440837662199 ], [ -118.444313215795006, 33.986735837034097 ], [ -118.441616214709001, 33.983384836954301 ], [ -118.448314215663999, 33.9846658367019 ], [ -118.455063217130999, 33.986420836628497 ], [ -118.463492218544999, 33.981053835593499 ], [ -118.461988295447, 33.9793720407054 ], [ -118.461986713127999, 33.9793676905566 ], [ -118.461914705520996, 33.978918775641702 ], [ -118.461910727719001, 33.978669661255502 ], [ -118.461910396440004, 33.978655314626998 ], [ -118.461905022265, 33.978577983675102 ], [ -118.461893873888002, 33.978501271643097 ], [ -118.461877015387998, 33.978425610118499 ], [ -118.461854540016006, 33.978351422462303 ], [ -118.461826574528999, 33.978279124694502 ], [ -118.461812588122996, 33.978282142468899 ], [ -118.461812217211005, 33.978279835964301 ], [ -118.461461200337993, 33.978355781728098 ], [ -118.461149621626006, 33.977993654342598 ], [ -118.460683200730998, 33.9774513682733 ], [ -118.457654277204995, 33.973774465016703 ], [ -118.457602716436, 33.973705732123101 ], [ -118.457585881965997, 33.973683289214897 ], [ -118.45756619926, 33.9736570508366 ], [ -118.457561314775006, 33.9736505296448 ], [ -118.457560385164001, 33.973649324215401 ], [ -118.456843946950997, 33.972694376488597 ], [ -118.455754412670998, 33.971225553061799 ], [ -118.455749827673003, 33.971219332680803 ], [ -118.455704425780993, 33.971158137786702 ], [ -118.455656165847003, 33.971093092407898 ], [ -118.455655634858005, 33.971092352452402 ], [ -118.455655036631001, 33.971091584803297 ], [ -118.455654437963005, 33.971090736017999 ], [ -118.455653774214994, 33.971089858629398 ], [ -118.45565307663, 33.971088927276703 ], [ -118.455652345350003, 33.971087968103703 ], [ -118.455651674693001, 33.971087014110999 ], [ -118.455651613623999, 33.971086926893001 ], [ -118.455091519538996, 33.970331872045897 ], [ -118.454732460819002, 33.969847777959401 ], [ -118.454704053859004, 33.969809496891102 ], [ -118.454703993902001, 33.969809415077599 ], [ -118.454686705144994, 33.969786117935399 ], [ -118.454964052018994, 33.969665819478898 ], [ -118.454919198293993, 33.969599105759599 ], [ -118.454794082323005, 33.969413051399002 ], [ -118.454752753351997, 33.9693515721506 ], [ -118.454688250776996, 33.969255667779898 ], [ -118.454632625507003, 33.969172946382301 ], [ -118.454543119125006, 33.969039874037598 ], [ -118.454518880757007, 33.9690038310532 ], [ -118.454471501227999, 33.968933333944101 ], [ -118.454373783373001, 33.968788009939303 ], [ -118.454310179459, 33.9686934479763 ], [ -118.454164185509995, 33.968476311054303 ], [ -118.454149058107006, 33.968453835111802 ], [ -118.454127945194003, 33.968422424077197 ], [ -118.454110124447993, 33.968395919405197 ], [ -118.453994819570994, 33.968224445655302 ], [ -118.453987970287997, 33.968214249861099 ], [ -118.453930317651, 33.968128540891399 ], [ -118.453826849698004, 33.967974636578703 ], [ -118.453785656422994, 33.967913376474201 ], [ -118.453761418707003, 33.967877333340603 ], [ -118.453665398427006, 33.967734530293001 ], [ -118.453615726744999, 33.967660688682201 ], [ -118.453583478308005, 33.967612725829603 ], [ -118.453551226624, 33.967564755768599 ], [ -118.453504280765003, 33.967494916584101 ], [ -118.453430539707995, 33.967385242939102 ], [ -118.453406200822997, 33.967349043250401 ], [ -118.453382163222997, 33.967313329251901 ], [ -118.453334285446005, 33.967241981637002 ], [ -118.453301570948, 33.967193411929102 ], [ -118.453237071697998, 33.9670975067977 ], [ -118.453172571508006, 33.967001600735102 ], [ -118.453104481523994, 33.966900322371004 ], [ -118.453082141197001, 33.9668670883649 ], [ -118.453347533366994, 33.966736823403302 ], [ -118.453347715709, 33.966736728057299 ], [ -118.453464416421994, 33.966674823915497 ], [ -118.453578249746997, 33.966620527650001 ], [ -118.455089215550998, 33.966049834623398 ], [ -118.455117215159007, 33.965905834598303 ], [ -118.456824215720005, 33.965183834157401 ], [ -118.459605196460998, 33.964189629509299 ], [ -118.459569836086999, 33.964383169861598 ], [ -118.459562302424004, 33.964424402175801 ], [ -118.459561285994994, 33.964539081809001 ], [ -118.459560939718997, 33.964578116755703 ], [ -118.458723216113, 33.965016834302197 ], [ -118.460609217168994, 33.969125834556799 ], [ -118.466650033771003, 33.976775026827703 ], [ -118.466712519504995, 33.976855823939196 ], [ -118.466737193558004, 33.976885392535003 ], [ -118.472331220103001, 33.983968835436599 ], [ -118.474045220332002, 33.985459835651596 ], [ -118.476052220198994, 33.985946835881101 ], [ -118.476664220474007, 33.9875458355571 ], [ -118.482641221934003, 33.994808835993901 ], [ -118.482804628555996, 33.994717912580299 ], [ -118.483485222582999, 33.995420836243099 ], [ -118.481694222914001, 33.9966038368295 ], [ -118.481423222421, 33.9963148367504 ], [ -118.480122480229994, 33.9972229184065 ], [ -118.479995378219002, 33.997306679840896 ], [ -118.479998367025999, 33.997309564584903 ], [ -118.479937569539004, 33.997352009933003 ], [ -118.479851033404003, 33.997397631827099 ], [ -118.479597139239004, 33.997531803179697 ], [ -118.479580958911995, 33.997540771037499 ], [ -118.47948471382, 33.997591219301299 ], [ -118.479440868827993, 33.9976144484435 ], [ -118.479393899136994, 33.997639228902003 ], [ -118.479379883470997, 33.997646099277802 ], [ -118.479267634243001, 33.9977053377958 ], [ -118.479154898692002, 33.997764547487598 ], [ -118.478874621274002, 33.997912424419503 ], [ -118.478593717891002, 33.998060605194397 ], [ -118.478518890388997, 33.998100270135602 ], [ -118.478441019974994, 33.998141606819203 ], [ -118.478083025093994, 33.998330053430898 ], [ -118.477811853489996, 33.998472808057599 ], [ -118.477730097961995, 33.998515915852401 ], [ -118.477711990166995, 33.998525386031197 ], [ -118.477627774558002, 33.998570073066297 ], [ -118.477543877833, 33.998614890404703 ], [ -118.477201198222005, 33.998795901937498 ], [ -118.477109130029007, 33.9988445467446 ], [ -118.476674511420995, 33.999074118060904 ], [ -118.476604430869003, 33.999111151314899 ], [ -118.476534387656997, 33.999148480084003 ], [ -118.476140487175002, 33.999356428550399 ], [ -118.476098448795994, 33.9993784674338 ], [ -118.475952565941, 33.999455571428399 ], [ -118.475634098640995, 33.999623976914599 ], [ -118.475205622307996, 33.9998502993326 ], [ -118.474776914016005, 34.000076972734497 ], [ -118.474342679706993, 34.000306507063101 ], [ -118.474321641618999, 34.000317617321599 ], [ -118.473978642354993, 34.000498919333197 ], [ -118.473908261190999, 34.000536235278098 ], [ -118.473837943473995, 34.000573679852202 ], [ -118.473423116500001, 34.000794012031399 ], [ -118.473284466926003, 34.0008676495668 ], [ -118.472860558695004, 34.001092796256103 ], [ -118.472846254301999, 34.001100297174403 ], [ -118.472789915017003, 34.001128463667797 ], [ -118.472721281407999, 34.001166435601498 ], [ -118.471667043845997, 34.001721125765002 ], [ -118.471567402418998, 34.001773532786501 ], [ -118.471333863750004, 34.001896421810301 ], [ -118.471305452218999, 34.001911372926998 ], [ -118.471294431969, 34.001917186685603 ], [ -118.471175778193995, 34.001979862179397 ], [ -118.471144332066999, 34.0019964722092 ], [ -118.471120119073007, 34.002009262140703 ], [ -118.471063702360993, 34.002039077034702 ], [ -118.471018945783996, 34.002062720467798 ], [ -118.470914718016004, 34.002117780935201 ], [ -118.470907499950997, 34.002121591037003 ], [ -118.470827346798004, 34.002163901747302 ], [ -118.470796023600997, 34.002180452606602 ], [ -118.470743101262002, 34.002208416391099 ], [ -118.470684593650006, 34.002239315694901 ], [ -118.470659808489998, 34.002252404370203 ], [ -118.470573141924007, 34.002298184174201 ], [ -118.470433827893004, 34.002371775936197 ], [ -118.470364864209998, 34.002408205285299 ], [ -118.470365542964004, 34.002408599315302 ], [ -118.470226165021998, 34.002482247882398 ], [ -118.470061166416002, 34.002569861681202 ], [ -118.470060777686996, 34.002569646826899 ], [ -118.469857184511, 34.002677331869101 ], [ -118.469828032652003, 34.002692776855298 ], [ -118.469827874008004, 34.002692862217103 ], [ -118.469798662456, 34.002708281284001 ], [ -118.469681618210998, 34.002770179127303 ], [ -118.469540790051994, 34.002844672774003 ], [ -118.469399961643006, 34.002919166256703 ], [ -118.469220742256994, 34.003013977970902 ], [ -118.469054780177999, 34.003101759115303 ], [ -118.468929215055994, 34.003168168165899 ], [ -118.468789371995996, 34.003242135116402 ], [ -118.468650088941999, 34.0033158247616 ], [ -118.468510804404005, 34.003389486303597 ], [ -118.468371520708999, 34.003463148582597 ], [ -118.468232268155006, 34.003536809677797 ], [ -118.468092984120005, 34.003610498681503 ], [ -118.467953732162997, 34.003684160353401 ], [ -118.467938401788004, 34.003692243450999 ], [ -118.467762469836998, 34.003785309299097 ], [ -118.467623217292996, 34.003858969688899 ], [ -118.467483897397003, 34.003932631079898 ], [ -118.467344612044997, 34.004006319221702 ], [ -118.467205358767004, 34.004079979130502 ], [ -118.467066071686006, 34.004153639008699 ], [ -118.466926785447995, 34.004227299623899 ], [ -118.466800624515997, 34.004294038718299 ], [ -118.466754906152005, 34.0043172398275 ], [ -118.466754502455998, 34.0043174469386 ], [ -118.466739699854998, 34.004325096908701 ], [ -118.466725338182997, 34.004332617153899 ], [ -118.466682779798006, 34.004355277716499 ], [ -118.466613012848995, 34.004391891932698 ], [ -118.466543525361999, 34.0044289377648 ], [ -118.466188361153002, 34.004616286827201 ], [ -118.464187098069999, 34.0056721803264 ], [ -118.460887177767006, 34.007415085945503 ], [ -118.459898695313001, 34.007937134259002 ], [ -118.458989226900002, 34.008417463812897 ], [ -118.458625995575005, 34.008608199265701 ], [ -118.458076839029999, 34.008896560662897 ], [ -118.457251789742998, 34.009335008538301 ], [ -118.457038876558002, 34.009445873372997 ], [ -118.456995050374999, 34.009468868875103 ], [ -118.456991972021001, 34.009473112333602 ], [ -118.456854611009007, 34.0095461211151 ], [ -118.45684158217, 34.0095530130762 ], [ -118.456378161144997, 34.009799157789402 ], [ -118.456285579159996, 34.009848332219498 ], [ -118.456144219346996, 34.009885839352599 ], [ -118.456002218744999, 34.009883838989197 ] ] ] ] } },
{ "type": "Feature", "properties": { "city": "Woodland Hills", "leading_firm": "COMPASS", "volume_firm": 230193233.0, "volume_city": 1723313222.0, "percent_share": "13.36%" }, "geometry": { "type": "Polygon", "coordinates": [ [ [ -118.572398020292994, 34.186680477560998 ], [ -118.571606236405998, 34.186060404908503 ], [ -118.571521252805994, 34.185993852334597 ], [ -118.570965253135, 34.185699851805303 ], [ -118.569977252808002, 34.185477852382498 ], [ -118.569870717439002, 34.185485078996301 ], [ -118.568606252539993, 34.185570851814099 ], [ -118.565987251720998, 34.186440852763099 ], [ -118.562232251504994, 34.186567852591402 ], [ -118.562231250479996, 34.171063850809702 ], [ -118.562315249711006, 34.170811850859302 ], [ -118.562837250564996, 34.1708848511471 ], [ -118.565876251193004, 34.170576850994102 ], [ -118.565861249983001, 34.163718850027202 ], [ -118.564068250068999, 34.163746850217102 ], [ -118.563047249402999, 34.163458850021598 ], [ -118.562202249910001, 34.1629918499236 ], [ -118.562262249560007, 34.161809849774897 ], [ -118.562868249176006, 34.161055849944802 ], [ -118.562992249540997, 34.159927849701901 ], [ -118.563542249581999, 34.158978849720199 ], [ -118.563214249498003, 34.1584758492913 ], [ -118.563263249675003, 34.157838849301697 ], [ -118.5635552488, 34.1575048494065 ], [ -118.564922249280002, 34.156721849113602 ], [ -118.565403249601005, 34.1557708495152 ], [ -118.567182248692006, 34.147996847956897 ], [ -118.567530249002999, 34.143909847583302 ], [ -118.568742249061998, 34.141063847337698 ], [ -118.568907248767005, 34.1384748465981 ], [ -118.568289248750006, 34.1383248469851 ], [ -118.567699248335003, 34.137567847116301 ], [ -118.566569248307005, 34.137838847228402 ], [ -118.566226247830002, 34.137722846977901 ], [ -118.566152248492998, 34.136744846667703 ], [ -118.565890247867998, 34.136285846807198 ], [ -118.565420247963004, 34.134494846629103 ], [ -118.565428247938002, 34.133579846385302 ], [ -118.565372379872997, 34.133449407232298 ], [ -118.564965247947001, 34.1324988464794 ], [ -118.564397247204994, 34.1316778464872 ], [ -118.564410264703994, 34.131667437780997 ], [ -118.564881247591003, 34.131290846223102 ], [ -118.566041247377001, 34.130870846362001 ], [ -118.565826246962999, 34.130577845911702 ], [ -118.572662083354004, 34.133177086836199 ], [ -118.573314427905999, 34.133426040300698 ], [ -118.573485257279003, 34.133491207690803 ], [ -118.573836519451007, 34.133625194297899 ], [ -118.574108144462002, 34.133728802855401 ], [ -118.574376120099004, 34.133831043374002 ], [ -118.574871616638006, 34.134019970462397 ], [ -118.575055867686999, 34.134090237665497 ], [ -118.575349521676998, 34.134202164486098 ], [ -118.576172409338994, 34.134515848387501 ], [ -118.57638214248, 34.134595939762697 ], [ -118.576772185295994, 34.134744665252597 ], [ -118.577562701963004, 34.135046069104703 ], [ -118.577595249382995, 34.135058476617502 ], [ -118.577778122153006, 34.135127723928598 ], [ -118.579103944978996, 34.135629758955197 ], [ -118.580067019105002, 34.135994423184201 ], [ -118.580085010982998, 34.136001234567303 ], [ -118.580206343162999, 34.136047361307398 ], [ -118.580230421771006, 34.1360565154189 ], [ -118.581346170372001, 34.136480677822497 ], [ -118.581417268070993, 34.136507759979601 ], [ -118.581417297418994, 34.136507770657097 ], [ -118.583830766648006, 34.137425812662997 ], [ -118.583840943057993, 34.1374296825309 ], [ -118.583841013718995, 34.137429709236002 ], [ -118.584406328225, 34.137644667399798 ], [ -118.584527438045001, 34.137690714271002 ], [ -118.584622271385001, 34.137726775469801 ], [ -118.585695512501999, 34.138135056019699 ], [ -118.585695663615994, 34.138135113887998 ], [ -118.587084852006996, 34.1386634216611 ], [ -118.587096046366, 34.138667690205097 ], [ -118.587986097525004, 34.139007037025799 ], [ -118.588272529696994, 34.1391162198478 ], [ -118.588299908596994, 34.139126641904497 ], [ -118.588300397821996, 34.139126828848198 ], [ -118.588313652229004, 34.139131848159202 ], [ -118.588445039142002, 34.139181682597801 ], [ -118.588445269610006, 34.139181768925802 ], [ -118.588959148444005, 34.139376703967599 ], [ -118.589051580770999, 34.1394118412111 ], [ -118.589212643430002, 34.139473074504401 ], [ -118.589397546897999, 34.139543399734599 ], [ -118.590858785725999, 34.140098572207698 ], [ -118.590884466841004, 34.140108311396702 ], [ -118.591011418784007, 34.140157044118297 ], [ -118.591847508816002, 34.140474926268098 ], [ -118.592937208235, 34.140889275769403 ], [ -118.593258844212997, 34.141011574676298 ], [ -118.593268831244998, 34.141015372560801 ], [ -118.59756527079, 34.142648787101898 ], [ -118.597571435380999, 34.142651119582403 ], [ -118.597596621386998, 34.142660695719698 ], [ -118.597886523373006, 34.142770909778399 ], [ -118.597888412025, 34.142771642410203 ], [ -118.598055695653997, 34.142834594843798 ], [ -118.598330259893004, 34.142939579924501 ], [ -118.598359719588998, 34.142950563702399 ], [ -118.598615790051994, 34.143048165855603 ], [ -118.598929192162998, 34.143167411754597 ], [ -118.599283455079998, 34.143301980726598 ], [ -118.599616211359006, 34.143428438647703 ], [ -118.599946749753002, 34.143554082651498 ], [ -118.600250575011998, 34.143669584373797 ], [ -118.600255846094001, 34.143671587582503 ], [ -118.600523949774001, 34.143773497567203 ], [ -118.600527230067001, 34.143774743437298 ], [ -118.600778494723002, 34.143870256192002 ], [ -118.600782044674006, 34.143871605294599 ], [ -118.600983968221996, 34.143948368139 ], [ -118.601224536070006, 34.144039798656401 ], [ -118.601230830328007, 34.144042190710103 ], [ -118.601570881870003, 34.144171445068601 ], [ -118.601583707458005, 34.144176319917896 ], [ -118.601590271394997, 34.144178816092001 ], [ -118.601765982052001, 34.1442456224772 ], [ -118.601905802543996, 34.144298757749397 ], [ -118.601908619810999, 34.144299843609197 ], [ -118.602193396613004, 34.144408066976702 ], [ -118.602194225004993, 34.144408364868397 ], [ -118.602195086327001, 34.144408718491903 ], [ -118.602451595595994, 34.144506227439599 ], [ -118.602453881963996, 34.144507068007201 ], [ -118.60271158466, 34.144605038361703 ], [ -118.602959842291995, 34.144699373362201 ], [ -118.602970812278002, 34.144703577554097 ], [ -118.603220727690001, 34.144798562784104 ], [ -118.603229344390002, 34.144801817646197 ], [ -118.603385305716003, 34.1448611084775 ], [ -118.603481150223004, 34.144897534881103 ], [ -118.603484861184, 34.144898945307801 ], [ -118.603816478864999, 34.145024973691903 ], [ -118.603817366106, 34.1450253109466 ], [ -118.603836157044995, 34.145032470935 ], [ -118.604123159303001, 34.145141558577102 ], [ -118.604130583450001, 34.145144381183002 ], [ -118.604246507035995, 34.145188462647603 ], [ -118.604543855396997, 34.1453015283996 ], [ -118.604580111819004, 34.145315306637201 ], [ -118.605134436921006, 34.145526101515799 ], [ -118.605571053111007, 34.145692116809897 ], [ -118.605698573458994, 34.145740606865701 ], [ -118.605704638567005, 34.145742914189 ], [ -118.605978820431005, 34.145847087850498 ], [ -118.605981372635, 34.145848092002304 ], [ -118.606180716717006, 34.1459238503164 ], [ -118.606204814098007, 34.145933009106997 ], [ -118.606297047789994, 34.145968049491799 ], [ -118.606748176230994, 34.146139482705799 ], [ -118.606867885360003, 34.146184991458199 ], [ -118.608781656486002, 34.146912252506603 ], [ -118.609661471140996, 34.147246178501597 ], [ -118.609661605970004, 34.147246229209898 ], [ -118.611455270820002, 34.147928185799202 ], [ -118.611710309786005, 34.148025105663599 ], [ -118.611957129673996, 34.148118885037199 ], [ -118.612048042745002, 34.148153428287898 ], [ -118.612078401613005, 34.1481649802788 ], [ -118.612200449791004, 34.148213107161801 ], [ -118.612226098042001, 34.1482235966049 ], [ -118.612322828602004, 34.148261349449001 ], [ -118.612352959077995, 34.148273094557503 ], [ -118.612420802580004, 34.148298747018799 ], [ -118.612431802467995, 34.148302906029997 ], [ -118.612489144142998, 34.148324588046997 ], [ -118.612501250031997, 34.148329183206798 ], [ -118.613696209474995, 34.148782700513102 ], [ -118.613714570018004, 34.148789642083997 ], [ -118.613714901948995, 34.148789805382101 ], [ -118.614989063254995, 34.149273525352797 ], [ -118.614996224956997, 34.149276244051002 ], [ -118.614996513001998, 34.149257034222501 ], [ -118.614993159350007, 34.148751955894802 ], [ -118.614990912403002, 34.148407280615402 ], [ -118.614990844957006, 34.148396936606801 ], [ -118.614990770839, 34.1483865700935 ], [ -118.614988043929003, 34.148002899034502 ], [ -118.614987300646007, 34.147883917528901 ], [ -118.614984324250003, 34.147434510533998 ], [ -118.614983445879005, 34.147335629709502 ], [ -118.614983260190002, 34.147282693611302 ], [ -118.615406852641001, 34.147282406141002 ], [ -118.615567454978006, 34.147282170917698 ], [ -118.615871050156002, 34.147281746263403 ], [ -118.615954369164001, 34.147281567917297 ], [ -118.620844459713993, 34.147280172613101 ], [ -118.621077534766002, 34.147280106020602 ], [ -118.621326574671002, 34.147280035366599 ], [ -118.621543654877996, 34.1472801672776 ], [ -118.621574754332002, 34.147280062383402 ], [ -118.621671660065999, 34.147280004075199 ], [ -118.621822735186996, 34.147279893375902 ], [ -118.622072998489003, 34.147280000610699 ], [ -118.622159929299002, 34.147279797600397 ], [ -118.622201407760997, 34.147279786084503 ], [ -118.622316353572998, 34.147279985116597 ], [ -118.622435765408994, 34.147279837390798 ], [ -118.622535350139003, 34.147280011621604 ], [ -118.622656415481998, 34.147279992198698 ], [ -118.622998493390995, 34.147279878848401 ], [ -118.623318792442006, 34.147280096796301 ], [ -118.623357297455001, 34.147280063250797 ], [ -118.623358255100996, 34.147280085359498 ], [ -118.623529790164, 34.147280030212201 ], [ -118.623793339509007, 34.147280067165497 ], [ -118.624441537647002, 34.147280183774697 ], [ -118.624644967679004, 34.147280258911202 ], [ -118.625148401274004, 34.147280294686801 ], [ -118.625165753193997, 34.147280314949498 ], [ -118.625378106618001, 34.147280425651203 ], [ -118.625487966839003, 34.147280187283599 ], [ -118.625816030736999, 34.1472800834702 ], [ -118.625923579304995, 34.147280158691302 ], [ -118.626046298836997, 34.147280210251999 ], [ -118.626183327779998, 34.1472801605276 ], [ -118.626271574841994, 34.147280225419998 ], [ -118.626478702531003, 34.147279866308999 ], [ -118.626508420711005, 34.147280509277003 ], [ -118.626796791608001, 34.147280498501701 ], [ -118.626908336629995, 34.147280222160497 ], [ -118.627114080528003, 34.147280419080701 ], [ -118.627451298620002, 34.147280181304502 ], [ -118.627508147637997, 34.147280298255303 ], [ -118.627643192758001, 34.147280174230701 ], [ -118.627916391504002, 34.147279882537703 ], [ -118.627945313294006, 34.147280171374298 ], [ -118.627955780001997, 34.147280245930901 ], [ -118.627972548787994, 34.1472804428182 ], [ -118.628210512685996, 34.147279865570802 ], [ -118.628547239170004, 34.147280149288399 ], [ -118.628629436880999, 34.147280243910203 ], [ -118.629003854695995, 34.147280003105202 ], [ -118.629004933616002, 34.147280001999498 ], [ -118.629012168003001, 34.147303144057901 ], [ -118.629003221524002, 34.147369338074299 ], [ -118.629080902590005, 34.1476112411152 ], [ -118.629082587034006, 34.1476164856699 ], [ -118.629085404893999, 34.1476247904913 ], [ -118.629091739751999, 34.147642516218497 ], [ -118.629212837894002, 34.148011151931499 ], [ -118.629354805896, 34.148442881008002 ], [ -118.629472585556002, 34.148800514132802 ], [ -118.629545791306001, 34.149021605423499 ], [ -118.629546247397002, 34.1490229878262 ], [ -118.629546924566995, 34.149025072285099 ], [ -118.629588861669006, 34.149148001747299 ], [ -118.629823259535996, 34.149897845174401 ], [ -118.630087259191001, 34.149837844645901 ], [ -118.630267259649997, 34.150385844575801 ], [ -118.630278015811001, 34.150393476904398 ], [ -118.630279661955001, 34.150398514286998 ], [ -118.630705407356999, 34.150700461946698 ], [ -118.631157476374995, 34.151021506138299 ], [ -118.631167089048006, 34.151028328457201 ], [ -118.631264579844995, 34.151097530775701 ], [ -118.63163377875, 34.150870100112897 ], [ -118.632177982631006, 34.150534855907203 ], [ -118.633214144313996, 34.151693278156799 ], [ -118.634771702652003, 34.153435889507101 ], [ -118.635626938570994, 34.154393206961302 ], [ -118.636245659270998, 34.155085755129903 ], [ -118.636773007265006, 34.155676008526697 ], [ -118.636853701657003, 34.155766331586101 ], [ -118.637661996084006, 34.156671046019099 ], [ -118.637740415924995, 34.156759499863497 ], [ -118.637947891612995, 34.1569919794619 ], [ -118.638011603338001, 34.157063254194703 ], [ -118.638041407583998, 34.157096428976502 ], [ -118.638352092090003, 34.157441665340599 ], [ -118.638495261811002, 34.157601844832797 ], [ -118.638496008139995, 34.157601587556599 ], [ -118.638567190878007, 34.157680685857002 ], [ -118.638568429508993, 34.157681840510101 ], [ -118.638568807870996, 34.1576813985562 ], [ -118.638581480300005, 34.157669506016397 ], [ -118.638595633852006, 34.157659421371797 ], [ -118.638611012891005, 34.157651326281503 ], [ -118.638627337651002, 34.157645366470497 ], [ -118.639849836881993, 34.157268071169902 ], [ -118.639911771635994, 34.157249386971301 ], [ -118.640691773412996, 34.157008385286403 ], [ -118.640770497215996, 34.156983702932003 ], [ -118.640848657904002, 34.156957294340302 ], [ -118.640903913848007, 34.156938590035303 ], [ -118.641025157860994, 34.1568942835003 ], [ -118.641145407679005, 34.156847343281797 ], [ -118.641262598557006, 34.156798206765799 ], [ -118.641273004607001, 34.156793752018203 ], [ -118.641283460295, 34.1567891239091 ], [ -118.641283537874997, 34.156850952611002 ], [ -118.641283182452995, 34.157162156496597 ], [ -118.641283123514, 34.157236295669399 ], [ -118.641282845169997, 34.157745345822498 ], [ -118.641282790839995, 34.157762006731403 ], [ -118.641282197672993, 34.157942891208101 ], [ -118.641281903592002, 34.158032741115903 ], [ -118.641281591441, 34.158092963523004 ], [ -118.641281364804996, 34.1581473713888 ], [ -118.641280947563004, 34.158318960867497 ], [ -118.640286262619995, 34.158684845391903 ], [ -118.639955262151005, 34.158886845200001 ], [ -118.639963473661993, 34.158939194339297 ], [ -118.639958648868003, 34.158955216053698 ], [ -118.639966797273004, 34.158960383878103 ], [ -118.639986733179995, 34.1590874724561 ], [ -118.639986284873999, 34.1590884106364 ], [ -118.639879262479994, 34.158821845467401 ], [ -118.639747261753001, 34.159095844818701 ], [ -118.640947461479996, 34.160641101005702 ], [ -118.641138408287006, 34.1608894417624 ], [ -118.641197474227994, 34.160966235325603 ], [ -118.641212386692999, 34.160985622488496 ], [ -118.641279045393006, 34.161072285573098 ], [ -118.641294175121999, 34.161091997033097 ], [ -118.641362528345994, 34.161179549028297 ], [ -118.641438425949005, 34.161276737288198 ], [ -118.641797115543, 34.1617361835767 ], [ -118.641798862553998, 34.161738419160699 ], [ -118.641956818683994, 34.161940649139602 ], [ -118.641987262499001, 34.161979845525899 ], [ -118.645553533796999, 34.161989811964901 ], [ -118.645551543609997, 34.162378367691403 ], [ -118.645551505666006, 34.1623859499215 ], [ -118.645551465338002, 34.1623936448579 ], [ -118.645551079835002, 34.162467840796801 ], [ -118.645551043400005, 34.162471687901203 ], [ -118.645550017001995, 34.162677847898401 ], [ -118.645549968034999, 34.162687653407303 ], [ -118.645549907556003, 34.1626925996284 ], [ -118.645548550539004, 34.162963075196501 ], [ -118.645548515165999, 34.162970148037701 ], [ -118.645548432029997, 34.162980865195202 ], [ -118.645548275558994, 34.163018026981199 ], [ -118.645548245670994, 34.163025107907103 ], [ -118.645547218933004, 34.163217468797697 ], [ -118.645546828115002, 34.163290977785501 ], [ -118.645545445387, 34.163561216385602 ], [ -118.645544378669001, 34.163765530228702 ], [ -118.645543490996005, 34.163941500216602 ], [ -118.645543425146002, 34.163954454926802 ], [ -118.645543377967996, 34.163965474812997 ], [ -118.645543359442996, 34.163968972922298 ], [ -118.645542360351996, 34.164158878749603 ], [ -118.645541286560999, 34.164366490498502 ], [ -118.645540960480005, 34.164435465251501 ], [ -118.645540237893997, 34.164573003125597 ], [ -118.645539175398994, 34.164777866893701 ], [ -118.645538212804993, 34.164961268753203 ], [ -118.645538227661007, 34.164963191677998 ], [ -118.645537002116001, 34.165202543274901 ], [ -118.645536996092005, 34.165206115244501 ], [ -118.645536444466003, 34.165305840337098 ], [ -118.645534336918004, 34.165700564204698 ], [ -118.645546264447006, 34.165700601504298 ], [ -118.645546263081002, 34.165700845831402 ], [ -118.647423635045996, 34.165706589730299 ], [ -118.647571809203995, 34.165707091845903 ], [ -118.647806430629004, 34.165707869070097 ], [ -118.647927955639005, 34.165708133055603 ], [ -118.647990513061004, 34.165708324352799 ], [ -118.648013612447002, 34.165708434971698 ], [ -118.648088165667005, 34.165709354395901 ], [ -118.648094333610999, 34.165709338468297 ], [ -118.648187966603999, 34.165709094447699 ], [ -118.648377272114004, 34.165709508522703 ], [ -118.648658001233002, 34.165710366830197 ], [ -118.648964560920007, 34.165711496969998 ], [ -118.649252836949998, 34.165712394533699 ], [ -118.649287879460005, 34.165712454308 ], [ -118.649497540552005, 34.165713141390697 ], [ -118.649735004815994, 34.165713926650398 ], [ -118.649931740108002, 34.165714518348999 ], [ -118.650292249450999, 34.165715493084299 ], [ -118.650464190755002, 34.165716052265097 ], [ -118.650485215955001, 34.165716104149801 ], [ -118.650635273513004, 34.165716807850799 ], [ -118.650982924500994, 34.1657178497112 ], [ -118.651131756563004, 34.165718285322399 ], [ -118.651412363817997, 34.165719219031502 ], [ -118.651570154441998, 34.165719632890003 ], [ -118.651917275984999, 34.1657206478706 ], [ -118.652203436137, 34.165721550709101 ], [ -118.652339376000995, 34.165722026419402 ], [ -118.652547086276002, 34.165722609651397 ], [ -118.652786898418, 34.165723348300197 ], [ -118.653059406112007, 34.165724294864802 ], [ -118.653357896697997, 34.165725155426003 ], [ -118.653440181972996, 34.165725507776799 ], [ -118.653515458485003, 34.165725842955197 ], [ -118.653518634239006, 34.165725851937196 ], [ -118.65389091035, 34.165726809149497 ], [ -118.654293255859002, 34.165728757405702 ], [ -118.654276264849997, 34.169431845409399 ], [ -118.654277658644006, 34.169431849588598 ], [ -118.654277655244002, 34.169432661903301 ], [ -118.654870997003997, 34.169434671099403 ], [ -118.655403703549993, 34.169436319946399 ], [ -118.655416630597998, 34.1694363598737 ], [ -118.655852866260005, 34.169438031904001 ], [ -118.655852934603004, 34.169438033336398 ], [ -118.656077680300996, 34.169438683146097 ], [ -118.656305601683002, 34.1694394523387 ], [ -118.656667022166005, 34.169440705231104 ], [ -118.656741374719005, 34.169440768464099 ], [ -118.656745110279005, 34.1694407761251 ], [ -118.656807494994993, 34.169440849317397 ], [ -118.657013396767994, 34.169441434750702 ], [ -118.657193179583999, 34.169441913854001 ], [ -118.657345240894003, 34.169440840353502 ], [ -118.658029266355996, 34.169442845050398 ], [ -118.658037987325997, 34.169440838527599 ], [ -118.658143680704995, 34.169441471427099 ], [ -118.658278240542003, 34.169442222977601 ], [ -118.658554833283006, 34.169443986952103 ], [ -118.658642975570004, 34.169444550911301 ], [ -118.658644529792994, 34.1694445424462 ], [ -118.658642418579007, 34.169797388120799 ], [ -118.658640951680994, 34.170043335318098 ], [ -118.658638989069999, 34.170373070757002 ], [ -118.658637592785993, 34.170606926885498 ], [ -118.658635205701003, 34.171008714704399 ], [ -118.658633267829003, 34.171333201188297 ], [ -118.658632954875003, 34.171385687522999 ], [ -118.658631970352005, 34.171554416149696 ], [ -118.658631578102998, 34.171617895514501 ], [ -118.658628676188002, 34.172108485203402 ], [ -118.658627148690996, 34.172364504852901 ], [ -118.658627150857996, 34.172364779813797 ], [ -118.658625833588005, 34.172587615872203 ], [ -118.658624567412005, 34.1728002857758 ], [ -118.658623249532994, 34.173018505902803 ], [ -118.658623250410002, 34.173018754725803 ], [ -118.658622767961006, 34.173100513507897 ], [ -118.658612846265001, 34.173100368299501 ], [ -118.658622294042999, 34.173181428392802 ], [ -118.658622254430995, 34.173188374149198 ], [ -118.658622238701994, 34.173188442752704 ], [ -118.658621887691993, 34.173248761961503 ], [ -118.658619658025003, 34.173469240929997 ], [ -118.658618550292999, 34.173806857582498 ], [ -118.658618553975003, 34.173807324565303 ], [ -118.658616997406995, 34.174066956888304 ], [ -118.658616998493997, 34.174067094819499 ], [ -118.658616853970997, 34.174090727935301 ], [ -118.658616135421994, 34.174213399439303 ], [ -118.658616136502005, 34.174213536468898 ], [ -118.658615418165994, 34.174336372955402 ], [ -118.658614856314003, 34.174432828336698 ], [ -118.658614857827999, 34.174433020358599 ], [ -118.658613892171005, 34.1745957580885 ], [ -118.658613681611001, 34.174640321947898 ], [ -118.658612631780997, 34.174809032003402 ], [ -118.658612602491999, 34.174809582108402 ], [ -118.658611340570999, 34.175022800135899 ], [ -118.658610024357003, 34.175241653146898 ], [ -118.658610025651001, 34.175241817221902 ], [ -118.658609325762001, 34.175362730603098 ], [ -118.658608287491006, 34.175537174454703 ], [ -118.658607541866999, 34.175662881626401 ], [ -118.658607266881006, 34.1756768463298 ], [ -118.659204266694999, 34.175741845552601 ], [ -118.659052929584007, 34.175824485117197 ], [ -118.658669645911004, 34.176027125703001 ], [ -118.658605178509006, 34.176061248856399 ], [ -118.658604701090994, 34.176151630939003 ], [ -118.658603268402999, 34.176422860132 ], [ -118.658602100219994, 34.176658569521102 ], [ -118.658601380056993, 34.176740864219703 ], [ -118.658601177701996, 34.176753172380302 ], [ -118.658601272070001, 34.176753171866402 ], [ -118.658601266538994, 34.176753846255899 ], [ -118.667634488279006, 34.176754612468102 ], [ -118.667866913677003, 34.176755723685901 ], [ -118.668057693953998, 34.176756703886603 ], [ -118.668117720454006, 34.176756900601099 ], [ -118.668117250722005, 34.184911841019698 ], [ -118.666636268290006, 34.184447846309801 ], [ -118.666709268782, 34.183906846300701 ], [ -118.666276268169995, 34.183185846260997 ], [ -118.665720268919998, 34.183346845946701 ], [ -118.664587268096994, 34.183089846639803 ], [ -118.661890267271005, 34.183305846647002 ], [ -118.659791267828993, 34.1830368464841 ], [ -118.659097267255007, 34.182677846606303 ], [ -118.658767267567995, 34.1832568465409 ], [ -118.658927267706005, 34.183931847210097 ], [ -118.657372266997001, 34.1845788468137 ], [ -118.655849267190007, 34.184657846750902 ], [ -118.655959266264006, 34.183755847312902 ], [ -118.654224266149996, 34.183743847063198 ], [ -118.651723265715006, 34.184244846858498 ], [ -118.651983266566006, 34.185124847427403 ], [ -118.644247884034996, 34.186608841603899 ], [ -118.644086264989994, 34.186639848341699 ], [ -118.635552263877997, 34.186417848710001 ], [ -118.614637345302, 34.186485195743899 ], [ -118.611750801211997, 34.186494491399003 ], [ -118.608223258671003, 34.186505849568498 ], [ -118.608008602053999, 34.186544588215298 ], [ -118.598138257293002, 34.188325850930902 ], [ -118.576799797446995, 34.188359308335897 ], [ -118.576453253606005, 34.188359852377097 ], [ -118.575842852516999, 34.1882742704652 ], [ -118.575194983909995, 34.188183436352801 ], [ -118.574891253781004, 34.1881408524455 ], [ -118.573845253537996, 34.187813852364997 ], [ -118.573778843808, 34.187761844419597 ], [ -118.572398020292994, 34.186680477560998 ] ] ] } }
]
}
