{
"type": "FeatureCollection",
"name": "cannabis_retail_historical_analysis",
"crs": { "type": "name", "properties": { "name": "urn:ogc:def:crs:OGC:1.3:CRS84" } },
"features": [
{ "type": "Feature", "properties": { "cannabis_store_name": "Alto", "cannabis_start_date": "2024-10-24 17:17:49+00:00", "address": "110 Chambers Street", "neighborhood": "Tribeca", "lat": 40.714974375872387, "lon": -74.00827389, "previous_tenant_name": "The Patriot", "previous_category": "Bar", "previous_tenant_end": "2023-05-24 04:47:00+00:00" }, "geometry": { "type": "Point", "coordinates": [ -74.00827389, 40.714974375872387 ] } },
{ "type": "Feature", "properties": { "cannabis_store_name": "Fire Escape Cannabis", "cannabis_start_date": "2026-04-27 21:12:01+00:00", "address": "103 Avenue A", "neighborhood": "East Village", "lat": 40.725832877583223, "lon": -73.98385907, "previous_tenant_name": "Hayaty", "previous_category": "Restaurant", "previous_tenant_end": "2023-07-18 10:41:36+00:00" }, "geometry": { "type": "Point", "coordinates": [ -73.98385907, 40.725832877583223 ] } },
{ "type": "Feature", "properties": { "cannabis_store_name": "Ava Flower Company", "cannabis_start_date": "2026-03-06 06:41:01+00:00", "address": "1280 1st Avenue", "neighborhood": "Lenox Hill", "lat": 40.765611067674349, "lon": -73.95738385, "previous_tenant_name": "Bamboo Sushi", "previous_category": "Restaurant", "previous_tenant_end": "2025-06-10 01:19:10+00:00" }, "geometry": { "type": "Point", "coordinates": [ -73.95738385, 40.765611067674349 ] } },
{ "type": "Feature", "properties": { "cannabis_store_name": "Verdi", "cannabis_start_date": "2024-04-26 19:10:51+00:00", "address": "158 West 23rd Street", "neighborhood": "Chelsea", "lat": 40.74366205754243, "lon": -73.99499667000001, "previous_tenant_name": "Bang Chengdu Street Kitchen", "previous_category": "Restaurant", "previous_tenant_end": "2019-06-19 21:10:39+00:00" }, "geometry": { "type": "Point", "coordinates": [ -73.99499667, 40.74366205754243 ] } },
{ "type": "Feature", "properties": { "cannabis_store_name": "By Any Other Name", "cannabis_start_date": "2024-12-24 06:19:50+00:00", "address": "946 Fulton Street", "neighborhood": "Clinton Hill", "lat": 40.682540005711537, "lon": -73.96296908, "previous_tenant_name": "Buka", "previous_category": "Restaurant", "previous_tenant_end": "2022-08-08 17:01:35+00:00" }, "geometry": { "type": "Point", "coordinates": [ -73.96296908, 40.682540005711537 ] } },
{ "type": "Feature", "properties": { "cannabis_store_name": "Carnegie Hill Cannabis Co.", "cannabis_start_date": "2026-02-05 19:00:40+00:00", "address": "1720 2nd Avenue", "neighborhood": "Yorkville", "lat": 40.77995968813471, "lon": -73.95001123, "previous_tenant_name": "Chef Ho's Peking Duck Grill", "previous_category": "Restaurant", "previous_tenant_end": "2018-06-13 18:33:42+00:00" }, "geometry": { "type": "Point", "coordinates": [ -73.95001123, 40.77995968813471 ] } },
{ "type": "Feature", "properties": { "cannabis_store_name": "Emerald Dispensary", "cannabis_start_date": "2026-04-16 17:09:14+00:00", "address": "548 Court Street", "neighborhood": "Carroll Gardens", "lat": 40.675076240562674, "lon": -73.99954466, "previous_tenant_name": "Santo Bruklin", "previous_category": "Restaurant", "previous_tenant_end": "2025-01-23 07:17:17+00:00" }, "geometry": { "type": "Point", "coordinates": [ -73.99954466, 40.675076240562674 ] } },
{ "type": "Feature", "properties": { "cannabis_store_name": "Indoor", "cannabis_start_date": "2026-05-22 20:32:02+00:00", "address": "474 Fashion Avenue", "neighborhood": "Garment District", "lat": 40.752147120684619, "lon": -73.9899933, "previous_tenant_name": "Mr Nugz Cannabis Club", "previous_category": "Vapes, Cigars & Accessories", "previous_tenant_end": "2025-12-03 02:34:18+00:00" }, "geometry": { "type": "Point", "coordinates": [ -73.9899933, 40.752147120684619 ] } },
{ "type": "Feature", "properties": { "cannabis_store_name": "The Garden Club", "cannabis_start_date": "2026-04-27 21:09:44+00:00", "address": "227 Smith Street", "neighborhood": "Boerum Hill", "lat": 40.68399646, "lon": -73.99219084000001, "previous_tenant_name": "The First National Bank of Long Island - Cobble Hill", "previous_category": "Banks & Atms", "previous_tenant_end": "2025-01-23 07:33:11+00:00" }, "geometry": { "type": "Point", "coordinates": [ -73.99219084, 40.68399646 ] } },
{ "type": "Feature", "properties": { "cannabis_store_name": "Paradise Cannabis", "cannabis_start_date": "2025-10-16 20:04:52+00:00", "address": "1557 Fulton Street", "neighborhood": "Stuyvesant Heights", "lat": 40.679930481860822, "lon": -73.93902721000001, "previous_tenant_name": "Ric's Stony Hill Restaurant & Lounge", "previous_category": "Dine In", "previous_tenant_end": "2018-06-19 20:13:51+00:00" }, "geometry": { "type": "Point", "coordinates": [ -73.93902721, 40.679930481860822 ] } },
{ "type": "Feature", "properties": { "cannabis_store_name": "Pryzm", "cannabis_start_date": "2026-03-06 07:45:01+00:00", "address": "15 Avenue B", "neighborhood": "East Village", "lat": 40.721889742599238, "lon": -73.98339863, "previous_tenant_name": "Luzzo's La Pizza Napoletana", "previous_category": "Restaurant", "previous_tenant_end": "2024-06-28 02:23:56+00:00" }, "geometry": { "type": "Point", "coordinates": [ -73.98339863, 40.721889742599238 ] } },
{ "type": "Feature", "properties": { "cannabis_store_name": "The Yetti Club", "cannabis_start_date": "2026-07-15 14:39:07+00:00", "address": "317 1st Avenue", "neighborhood": "Gramercy Park", "lat": 40.734116000807205, "lon": -73.98076023, "previous_tenant_name": "Smoke Shop", "previous_category": "Vapes, Cigars & Accessories", "previous_tenant_end": "2025-11-11 01:29:47+00:00" }, "geometry": { "type": "Point", "coordinates": [ -73.98076023, 40.734116000807205 ] } },
{ "type": "Feature", "properties": { "cannabis_store_name": "Gotham Buds", "cannabis_start_date": "2023-11-09 21:45:28+00:00", "address": "248 West 125th Street", "neighborhood": "South Harlem", "lat": 40.809455929430889, "lon": -73.94986331, "previous_tenant_name": "The Children's Place", "previous_category": "Clothing Store", "previous_tenant_end": "2023-06-25 16:52:29+00:00" }, "geometry": { "type": "Point", "coordinates": [ -73.94986331, 40.809455929430889 ] } },
{ "type": "Feature", "properties": { "cannabis_store_name": "Stoops NYC", "cannabis_start_date": "2024-08-02 16:36:22+00:00", "address": "182 5th Avenue", "neighborhood": "Flatiron", "lat": 40.741306645659563, "lon": -73.98996064000001, "previous_tenant_name": "7-Eleven", "previous_category": "Groceries & Convenience", "previous_tenant_end": "2021-04-26 03:45:44+00:00" }, "geometry": { "type": "Point", "coordinates": [ -73.98996064, 40.741306645659563 ] } },
{ "type": "Feature", "properties": { "cannabis_store_name": "Soulmate", "cannabis_start_date": "2025-04-28 21:06:58+00:00", "address": "237 Dekalb Avenue", "neighborhood": "Fort Greene", "lat": 40.689585649818355, "lon": -73.96973789, "previous_tenant_name": "Heritage Wines", "previous_category": "Liquor & Wine", "previous_tenant_end": "2025-01-30 02:19:14+00:00" }, "geometry": { "type": "Point", "coordinates": [ -73.96973789, 40.689585649818355 ] } },
{ "type": "Feature", "properties": { "cannabis_store_name": "Smacked Village", "cannabis_start_date": "2023-10-24 19:30:48+00:00", "address": "144 Bleecker Street", "neighborhood": "Greenwich Village", "lat": 40.728128478615808, "lon": -73.99928916, "previous_tenant_name": "Duane Reade", "previous_category": "Pharmacy", "previous_tenant_end": "2017-11-02 19:03:16+00:00" }, "geometry": { "type": "Point", "coordinates": [ -73.99928916, 40.728128478615808 ] } },
{ "type": "Feature", "properties": { "cannabis_store_name": "Herbwell", "cannabis_start_date": "2025-05-16 17:11:30+00:00", "address": "519 Madison Avenue", "neighborhood": "Park Avenue", "lat": 40.759904884411014, "lon": -73.97392643000001, "previous_tenant_name": "Marmi", "previous_category": "Shoe Store", "previous_tenant_end": "2023-06-27 03:16:12+00:00" }, "geometry": { "type": "Point", "coordinates": [ -73.97392643, 40.759904884411014 ] } },
{ "type": "Feature", "properties": { "cannabis_store_name": "Culture House", "cannabis_start_date": "2024-08-02 15:23:36+00:00", "address": "958 6th Avenue", "neighborhood": "Garment District", "lat": 40.750289730258572, "lon": -73.9872184, "previous_tenant_name": "Cookies", "previous_category": "Clothing Store", "previous_tenant_end": "2024-08-02 15:23:36+00:00" }, "geometry": { "type": "Point", "coordinates": [ -73.9872184, 40.750289730258572 ] } },
{ "type": "Feature", "properties": { "cannabis_store_name": "Buzzwick", "cannabis_start_date": "2026-07-15 17:07:27+00:00", "address": "4930 Broadway", "neighborhood": "Inwood", "lat": 40.867479387573063, "lon": -73.92139245, "previous_tenant_name": "La Marca Eye Care", "previous_category": "Healthcare", "previous_tenant_end": "2026-07-15 17:07:27+00:00" }, "geometry": { "type": "Point", "coordinates": [ -73.92139245, 40.867479387573063 ] } },
{ "type": "Feature", "properties": { "cannabis_store_name": "Housing Works Cannabis Co", "cannabis_start_date": "2023-08-09 17:12:36+00:00", "address": "750 Broadway", "neighborhood": "Noho", "lat": 40.730454367609347, "lon": -73.99236905, "previous_tenant_name": "Gap Men", "previous_category": "Clothing Store", "previous_tenant_end": "2023-05-24 19:52:07+00:00" }, "geometry": { "type": "Point", "coordinates": [ -73.99236905, 40.730454367609347 ] } },
{ "type": "Feature", "properties": { "cannabis_store_name": "The Travel Agency", "cannabis_start_date": "2025-08-09 04:27:08+00:00", "address": "598 Broadway", "neighborhood": "SoHo", "lat": 40.725081993094648, "lon": -73.99691061, "previous_tenant_name": "Spirit Halloween", "previous_category": "Party Supplies & Costumes", "previous_tenant_end": "2020-02-26 18:52:52+00:00" }, "geometry": { "type": "Point", "coordinates": [ -73.99691061, 40.725081993094648 ] } },
{ "type": "Feature", "properties": { "cannabis_store_name": "The Flowery", "cannabis_start_date": "2025-07-29 01:36:51+00:00", "address": "481 Broadway", "neighborhood": "SoHo", "lat": 40.72155532, "lon": -74.00022991, "previous_tenant_name": "Fifteen Twenty Inc", "previous_category": "Groceries & Convenience", "previous_tenant_end": "2022-05-26 15:47:05+00:00" }, "geometry": { "type": "Point", "coordinates": [ -74.00022991, 40.72155532 ] } },
{ "type": "Feature", "properties": { "cannabis_store_name": "Leflora", "cannabis_start_date": "2025-11-05 02:48:49+00:00", "address": "155 William Street", "neighborhood": "Financial District", "lat": 40.7099104, "lon": -74.00619306, "previous_tenant_name": "Bareburger", "previous_category": "Restaurant", "previous_tenant_end": "2019-09-27 21:46:52+00:00" }, "geometry": { "type": "Point", "coordinates": [ -74.00619306, 40.7099104 ] } },
{ "type": "Feature", "properties": { "cannabis_store_name": "Chrome Flwrs", "cannabis_start_date": "2026-02-18 16:55:36+00:00", "address": "185 Nassau Avenue", "neighborhood": "Greenpoint", "lat": 40.725538368547888, "lon": -73.94572521000001, "previous_tenant_name": "Busy Bee Food Exchange", "previous_category": "Groceries & Convenience", "previous_tenant_end": "2024-01-17 09:49:08+00:00" }, "geometry": { "type": "Point", "coordinates": [ -73.94572521, 40.725538368547888 ] } },
{ "type": "Feature", "properties": { "cannabis_store_name": "Verdi Cannabis", "cannabis_start_date": "2025-07-18 15:33:43+00:00", "address": "360 7th Avenue", "neighborhood": "Park Slope", "lat": 40.666012002693058, "lon": -73.98249227, "previous_tenant_name": "Min.K", "previous_category": "Clothing Store", "previous_tenant_end": "2024-10-20 01:41:12+00:00" }, "geometry": { "type": "Point", "coordinates": [ -73.98249227, 40.666012002693058 ] } },
{ "type": "Feature", "properties": { "cannabis_store_name": "Urban Weeds", "cannabis_start_date": "2024-03-01 21:08:34+00:00", "address": "31-35 Steinway Street", "neighborhood": "Long Island City", "lat": 40.760332477402414, "lon": -73.91772091, "previous_tenant_name": "Victoria's Secret", "previous_category": "Clothing Store", "previous_tenant_end": "2019-03-25 19:18:06+00:00" }, "geometry": { "type": "Point", "coordinates": [ -73.91772091, 40.760332477402414 ] } },
{ "type": "Feature", "properties": { "cannabis_store_name": "High City Cannabis", "cannabis_start_date": "2026-05-27 15:57:45+00:00", "address": "22-35 31st Street", "neighborhood": "Astoria", "lat": 40.77526848714885, "lon": -73.91150709, "previous_tenant_name": "Cannabology", "previous_category": "Vapes, Cigars & Accessories", "previous_tenant_end": "2025-11-23 05:44:51+00:00" }, "geometry": { "type": "Point", "coordinates": [ -73.91150709, 40.77526848714885 ] } },
{ "type": "Feature", "properties": { "cannabis_store_name": "Lenox Hill Cannabis Co.", "cannabis_start_date": "2024-01-26 19:08:36+00:00", "address": "334 East 73rd Street", "neighborhood": "Upper East Side", "lat": 40.7686882, "lon": -73.9562203, "previous_tenant_name": "Casa de Montecristo", "previous_category": "Bar", "previous_tenant_end": "2023-06-21 02:25:11+00:00" }, "geometry": { "type": "Point", "coordinates": [ -73.9562203, 40.7686882 ] } },
{ "type": "Feature", "properties": { "cannabis_store_name": "Dazed", "cannabis_start_date": "2023-10-31 18:32:09+00:00", "address": "33 Union Square West", "neighborhood": "Flatiron", "lat": 40.736777153003572, "lon": -73.99071135, "previous_tenant_name": "Dylan's Candy Bar", "previous_category": "Sweets & Desserts", "previous_tenant_end": "2021-06-30 15:52:02+00:00" }, "geometry": { "type": "Point", "coordinates": [ -73.99071135, 40.736777153003572 ] } },
{ "type": "Feature", "properties": { "cannabis_store_name": "Erudito Cannabis Boutique", "cannabis_start_date": "2025-10-16 20:05:30+00:00", "address": "120 Union Street", "neighborhood": "Columbia Waterfront", "lat": 40.684185119783194, "lon": -74.00259102, "previous_tenant_name": "Henryboy", "previous_category": "Business, Commercial & Professional Services", "previous_tenant_end": "2025-10-16 20:05:30+00:00" }, "geometry": { "type": "Point", "coordinates": [ -74.00259102, 40.684185119783194 ] } },
{ "type": "Feature", "properties": { "cannabis_store_name": "Budega", "cannabis_start_date": "2025-07-18 03:14:47+00:00", "address": "321 4th Avenue", "neighborhood": "Park Slope", "lat": 40.673969352191818, "lon": -73.98543866, "previous_tenant_name": "Elements Hair Studio", "previous_category": "Barber Shops & Hair Salons", "previous_tenant_end": "2023-09-29 06:05:03+00:00" }, "geometry": { "type": "Point", "coordinates": [ -73.98543866, 40.673969352191818 ] } },
{ "type": "Feature", "properties": { "cannabis_store_name": "Sweetlife", "cannabis_start_date": "2025-08-09 04:31:53+00:00", "address": "1662 1st Avenue", "neighborhood": "Yorkville", "lat": 40.777284043572408, "lon": -73.94887805, "previous_tenant_name": "Sweetooth", "previous_category": "Sweets & Desserts", "previous_tenant_end": "2023-11-02 04:44:21+00:00" }, "geometry": { "type": "Point", "coordinates": [ -73.94887805, 40.777284043572408 ] } },
{ "type": "Feature", "properties": { "cannabis_store_name": "Blue Forest Farms", "cannabis_start_date": "2024-04-26 19:10:58+00:00", "address": "122 East 25th Street", "neighborhood": "Kips Bay", "lat": 40.740904713146961, "lon": -73.98432109, "previous_tenant_name": "Gramercy Dance Studios", "previous_category": "Learning Centers & Studios", "previous_tenant_end": "2024-04-26 19:10:58+00:00" }, "geometry": { "type": "Point", "coordinates": [ -73.98432109, 40.740904713146961 ] } },
{ "type": "Feature", "properties": { "cannabis_store_name": "Cannalicious", "cannabis_start_date": "2025-07-18 15:33:35+00:00", "address": "435 5th Avenue", "neighborhood": "Park Slope", "lat": 40.669381741976679, "lon": -73.98595981, "previous_tenant_name": "Noise NYC", "previous_category": "Vapes, Cigars & Accessories", "previous_tenant_end": "2024-10-20 01:52:41+00:00" }, "geometry": { "type": "Point", "coordinates": [ -73.98595981, 40.669381741976679 ] } },
{ "type": "Feature", "properties": { "cannabis_store_name": "Smiley Exotics", "cannabis_start_date": "2024-04-26 19:10:48+00:00", "address": "201 East 30th Street", "neighborhood": "Kips Bay", "lat": 40.74311748520369, "lon": -73.97952688, "previous_tenant_name": "Waxing Studio NYC", "previous_category": "Brows, Lashes, Wax & Makeup", "previous_tenant_end": "2023-08-31 04:27:05+00:00" }, "geometry": { "type": "Point", "coordinates": [ -73.97952688, 40.74311748520369 ] } },
{ "type": "Feature", "properties": { "cannabis_store_name": "Dynasty Commodities", "cannabis_start_date": "2025-05-30 17:33:58+00:00", "address": "2119 Frederick Douglass Boulevard", "neighborhood": "South Harlem", "lat": 40.803528278133513, "lon": -73.95623233000001, "previous_tenant_name": "Paint Puff N Peace", "previous_category": "Vapes, Cigars & Accessories", "previous_tenant_end": "2024-03-19 04:28:25+00:00" }, "geometry": { "type": "Point", "coordinates": [ -73.95623233, 40.803528278133513 ] } },
{ "type": "Feature", "properties": { "cannabis_store_name": "NY Cannabis Co", "cannabis_start_date": "2025-02-03 19:59:23+00:00", "address": "743 9th Avenue", "neighborhood": "Hell's Kitchen", "lat": 40.763716920007752, "lon": -73.98898512, "previous_tenant_name": "Nica & Sam", "previous_category": "Barber Shops & Hair Salons", "previous_tenant_end": "2024-06-28 02:35:58+00:00" }, "geometry": { "type": "Point", "coordinates": [ -73.98898512, 40.763716920007752 ] } },
{ "type": "Feature", "properties": { "cannabis_store_name": "Sofaclub Cannabis", "cannabis_start_date": "2026-05-22 20:33:41+00:00", "address": "127 East 56th Street", "neighborhood": "Park Avenue", "lat": 40.760533697297035, "lon": -73.97006355000001, "previous_tenant_name": "Skin Spa New York", "previous_category": "Massage & Relaxation", "previous_tenant_end": "2026-05-22 20:33:41+00:00" }, "geometry": { "type": "Point", "coordinates": [ -73.97006355, 40.760533697297035 ] } },
{ "type": "Feature", "properties": { "cannabis_store_name": "The Spot Dispensary", "cannabis_start_date": "2025-01-23 16:56:22+00:00", "address": "154 Vanderbilt Avenue", "neighborhood": "Fort Greene", "lat": 40.69286315767971, "lon": -73.96993243, "previous_tenant_name": "The B. Beauty Bar", "previous_category": "Brows, Lashes, Wax & Makeup", "previous_tenant_end": "2024-10-31 18:47:12+00:00" }, "geometry": { "type": "Point", "coordinates": [ -73.96993243, 40.69286315767971 ] } },
{ "type": "Feature", "properties": { "cannabis_store_name": "Hornbill Cannabis", "cannabis_start_date": "2025-10-16 15:34:46+00:00", "address": "224 1st Avenue", "neighborhood": "East Village", "lat": 40.730865730092049, "lon": -73.98271244, "previous_tenant_name": "Sun Tan Nail", "previous_category": "Nail Salon", "previous_tenant_end": "2023-07-19 01:41:46+00:00" }, "geometry": { "type": "Point", "coordinates": [ -73.98271244, 40.730865730092049 ] } },
{ "type": "Feature", "properties": { "cannabis_store_name": "The Herbal Care", "cannabis_start_date": "2024-02-06 17:23:40+00:00", "address": "1412 Lexington Avenue", "neighborhood": "Carnegie Hill", "lat": 40.783709503264618, "lon": -73.95266228, "previous_tenant_name": "Chocolate Works", "previous_category": "Sweets & Desserts", "previous_tenant_end": "2019-11-01 16:17:12+00:00" }, "geometry": { "type": "Point", "coordinates": [ -73.95266228, 40.783709503264618 ] } },
{ "type": "Feature", "properties": { "cannabis_store_name": "The Travel Agency Union Square", "cannabis_start_date": "2024-01-14 03:11:46+00:00", "address": "835 Broadway", "neighborhood": "Greenwich Village", "lat": 40.733881287013283, "lon": -73.99110783, "previous_tenant_name": "Chase Bank", "previous_category": "Banks & Atms", "previous_tenant_end": "2023-10-10 11:07:00+00:00" }, "geometry": { "type": "Point", "coordinates": [ -73.99110783, 40.733881287013283 ] } },
{ "type": "Feature", "properties": { "cannabis_store_name": "Chelsea Cannabis Co.", "cannabis_start_date": "2026-02-18 16:53:48+00:00", "address": "100 7th Avenue", "neighborhood": "Chelsea", "lat": 40.740167380520397, "lon": -73.99871255, "previous_tenant_name": "Williams-Sonoma Home", "previous_category": "Furniture & Home Goods", "previous_tenant_end": "2024-11-16 07:52:41+00:00" }, "geometry": { "type": "Point", "coordinates": [ -73.99871255, 40.740167380520397 ] } },
{ "type": "Feature", "properties": { "cannabis_store_name": "Elevation", "cannabis_start_date": "2025-06-10 04:07:42+00:00", "address": "701 8th Avenue", "neighborhood": "Times Square", "lat": 40.758707626037548, "lon": -73.98892868, "previous_tenant_name": "Smith‚Äôs Bar & Restaurant", "previous_category": "Bar", "previous_tenant_end": "2025-06-10 04:07:42+00:00" }, "geometry": { "type": "Point", "coordinates": [ -73.98892868, 40.758707626037548 ] } },
{ "type": "Feature", "properties": { "cannabis_store_name": "Hii NYC", "cannabis_start_date": "2024-08-02 14:57:01+00:00", "address": "152 Bedford Avenue", "neighborhood": "North Williamsburg", "lat": 40.71877963923825, "lon": -73.95685261, "previous_tenant_name": "Verizon", "previous_category": "Electronics & Mobile Phones", "previous_tenant_end": "2023-04-10 02:54:48+00:00" }, "geometry": { "type": "Point", "coordinates": [ -73.95685261, 40.71877963923825 ] } },
{ "type": "Feature", "properties": { "cannabis_store_name": "Mighty Lucky", "cannabis_start_date": "2024-04-26 19:10:59+00:00", "address": "259 Bowery", "neighborhood": "Lower East Side", "lat": 40.723262963427914, "lon": -73.99270376, "previous_tenant_name": "Joco E-Bikes", "previous_category": "Sporting Goods & Outdoor Equipment", "previous_tenant_end": "2024-01-22 17:44:30+00:00" }, "geometry": { "type": "Point", "coordinates": [ -73.99270376, 40.723262963427914 ] } },
{ "type": "Feature", "properties": { "cannabis_store_name": "Maison Canal", "cannabis_start_date": "2026-05-07 19:19:02+00:00", "address": "388 Canal Street", "neighborhood": "Tribeca", "lat": 40.721206477209307, "lon": -74.00494255, "previous_tenant_name": "Bud & Beyond", "previous_category": "Vapes, Cigars & Accessories", "previous_tenant_end": "2024-08-08 08:15:14+00:00" }, "geometry": { "type": "Point", "coordinates": [ -74.00494255, 40.721206477209307 ] } },
{ "type": "Feature", "properties": { "cannabis_store_name": "Culture House", "cannabis_start_date": "2026-05-22 20:30:40+00:00", "address": "807 Manhattan Avenue", "neighborhood": "Greenpoint", "lat": 40.727959413988593, "lon": -73.95329065, "previous_tenant_name": "Capital One Bank", "previous_category": "Banks & Atms", "previous_tenant_end": "2023-08-13 16:47:35+00:00" }, "geometry": { "type": "Point", "coordinates": [ -73.95329065, 40.727959413988593 ] } },
{ "type": "Feature", "properties": { "cannabis_store_name": "The Daily Green", "cannabis_start_date": "2026-05-22 20:31:26+00:00", "address": "719 7th Avenue", "neighborhood": "Times Square", "lat": 40.759685327618968, "lon": -73.98407686, "previous_tenant_name": "Covergirl", "previous_category": "Beauty Product Store", "previous_tenant_end": "2021-06-02 06:46:31+00:00" }, "geometry": { "type": "Point", "coordinates": [ -73.98407686, 40.759685327618968 ] } },
{ "type": "Feature", "properties": { "cannabis_store_name": "Twin Leaf Cannabis", "cannabis_start_date": "2026-05-22 20:31:53+00:00", "address": "566 7th Avenue", "neighborhood": "Times Square", "lat": 40.755182920493787, "lon": -73.98778263, "previous_tenant_name": "CBD Boutique", "previous_category": "Beauty Product Store", "previous_tenant_end": "2026-05-22 20:31:53+00:00" }, "geometry": { "type": "Point", "coordinates": [ -73.98778263, 40.755182920493787 ] } },
{ "type": "Feature", "properties": { "cannabis_store_name": "FlynnStoned Cannabis Company", "cannabis_start_date": "2025-11-21 01:45:27+00:00", "address": "206 8th Avenue", "neighborhood": "Chelsea", "lat": 40.743673299244108, "lon": -73.99945824, "previous_tenant_name": "The Blue", "previous_category": "Adult Store", "previous_tenant_end": "2024-04-30 02:45:38+00:00" }, "geometry": { "type": "Point", "coordinates": [ -73.99945824, 40.743673299244108 ] } },
{ "type": "Feature", "properties": { "cannabis_store_name": "The Alchemy", "cannabis_start_date": "2026-02-18 16:53:38+00:00", "address": "302 8th Avenue", "neighborhood": "Chelsea", "lat": 40.74667607340902, "lon": -73.99727852, "previous_tenant_name": "7-Eleven", "previous_category": "Groceries & Convenience", "previous_tenant_end": "2023-05-24 18:31:16+00:00" }, "geometry": { "type": "Point", "coordinates": [ -73.99727852, 40.74667607340902 ] } },
{ "type": "Feature", "properties": { "cannabis_store_name": "Indoor Treez", "cannabis_start_date": "2024-06-24 17:30:01+00:00", "address": "584 8th Avenue", "neighborhood": "Garment District", "lat": 40.754938005703394, "lon": -73.99125197, "previous_tenant_name": "Cannabis Gifts", "previous_category": "Vapes, Cigars & Accessories", "previous_tenant_end": "2024-02-02 15:50:25+00:00" }, "geometry": { "type": "Point", "coordinates": [ -73.99125197, 40.754938005703394 ] } },
{ "type": "Feature", "properties": { "cannabis_store_name": "The Flowery", "cannabis_start_date": "2025-05-17 17:03:26+00:00", "address": "101 East 10th Street", "neighborhood": "East Village", "lat": 40.730750973520941, "lon": -73.98882612, "previous_tenant_name": "TD Bank", "previous_category": "Banks & Atms", "previous_tenant_end": "2024-08-22 19:25:39+00:00" }, "geometry": { "type": "Point", "coordinates": [ -73.98882612, 40.730750973520941 ] } },
{ "type": "Feature", "properties": { "cannabis_store_name": "Poppin", "cannabis_start_date": "2026-02-18 16:53:17+00:00", "address": "317 10th Avenue", "neighborhood": "Chelsea", "lat": 40.751119864698147, "lon": -74.00188666, "previous_tenant_name": "Hudson Loud", "previous_category": "Groceries & Convenience", "previous_tenant_end": "2026-02-18 16:53:17+00:00" }, "geometry": { "type": "Point", "coordinates": [ -74.00188666, 40.751119864698147 ] } },
{ "type": "Feature", "properties": { "cannabis_store_name": "The Travel Agency-A Cannabis Store", "cannabis_start_date": "2024-06-24 17:30:03+00:00", "address": "587 5th Avenue", "neighborhood": "Grand Central", "lat": 40.756936210157683, "lon": -73.97815019, "previous_tenant_name": "Paris Saint-Germain", "previous_category": "Sporting Goods & Outdoor Equipment", "previous_tenant_end": "2024-02-05 12:57:48+00:00" }, "geometry": { "type": "Point", "coordinates": [ -73.97815019, 40.756936210157683 ] } },
{ "type": "Feature", "properties": { "cannabis_store_name": "NY Cannabis Co.", "cannabis_start_date": "2025-05-30 17:30:55+00:00", "address": "381 5th Avenue", "neighborhood": "Garment District", "lat": 40.749373620177067, "lon": -73.98367054000001, "previous_tenant_name": "NYC Gifts", "previous_category": "Gifts & Collectibles", "previous_tenant_end": "2025-02-16 06:08:30+00:00" }, "geometry": { "type": "Point", "coordinates": [ -73.98367054, 40.749373620177067 ] } },
{ "type": "Feature", "properties": { "cannabis_store_name": "Bud & Honey", "cannabis_start_date": "2025-05-07 16:41:23+00:00", "address": "241 5th Avenue", "neighborhood": "NoMad", "lat": 40.744242908164843, "lon": -73.98741216000001, "previous_tenant_name": "Unoccupied", "previous_category": null, "previous_tenant_end": null }, "geometry": { "type": "Point", "coordinates": [ -73.98741216, 40.744242908164843 ] } },
{ "type": "Feature", "properties": { "cannabis_store_name": "Mary Jane Cannabis Co", "cannabis_start_date": "2025-08-09 04:31:24+00:00", "address": "799 Lexington Avenue", "neighborhood": "Lenox Hill", "lat": 40.763893172811862, "lon": -73.96679442, "previous_tenant_name": "Judith Optical", "previous_category": "Eyewear Shop", "previous_tenant_end": "2019-09-30 16:08:36+00:00" }, "geometry": { "type": "Point", "coordinates": [ -73.96679442, 40.763893172811862 ] } },
{ "type": "Feature", "properties": { "cannabis_store_name": "Urban Leaf", "cannabis_start_date": "2024-06-24 17:30:05+00:00", "address": "977 2nd Avenue", "neighborhood": "Turtle Bay", "lat": 40.756002071747893, "lon": -73.96791673, "previous_tenant_name": "Murphy's Pub & Restaurant", "previous_category": "Bar", "previous_tenant_end": "2023-05-26 05:35:55+00:00" }, "geometry": { "type": "Point", "coordinates": [ -73.96791673, 40.756002071747893 ] } },
{ "type": "Feature", "properties": { "cannabis_store_name": "Super Fly", "cannabis_start_date": "2025-05-30 17:30:52+00:00", "address": "57 West 86th Street", "neighborhood": "Upper West Side", "lat": 40.786499828144144, "lon": -73.97181485, "previous_tenant_name": "Chase Bank", "previous_category": "Banks & Atms", "previous_tenant_end": "2023-06-25 22:11:26+00:00" }, "geometry": { "type": "Point", "coordinates": [ -73.97181485, 40.786499828144144 ] } },
{ "type": "Feature", "properties": { "cannabis_store_name": "Emerald Dispensary", "cannabis_start_date": "2025-04-01 17:06:49+00:00", "address": "1190 Lexington Avenue", "neighborhood": "Upper East Side", "lat": 40.776463202000564, "lon": -73.95795638, "previous_tenant_name": "roget resca salon", "previous_category": "Barber Shops & Hair Salons", "previous_tenant_end": "2023-06-28 02:31:34+00:00" }, "geometry": { "type": "Point", "coordinates": [ -73.95795638, 40.776463202000564 ] } },
{ "type": "Feature", "properties": { "cannabis_store_name": "Just A Little Higher", "cannabis_start_date": "2024-06-24 17:28:23+00:00", "address": "157 West 72nd Street", "neighborhood": "Upper West Side", "lat": 40.778349364242558, "lon": -73.98063108, "previous_tenant_name": "Goodwill", "previous_category": "Clothing Store", "previous_tenant_end": "2023-06-25 22:30:45+00:00" }, "geometry": { "type": "Point", "coordinates": [ -73.98063108, 40.778349364242558 ] } },
{ "type": "Feature", "properties": { "cannabis_store_name": "Nucleus Dispensary", "cannabis_start_date": "2025-06-10 04:07:10+00:00", "address": "1819 2nd Avenue", "neighborhood": "Yorkville", "lat": 40.78317148, "lon": -73.94808482000001, "previous_tenant_name": "Smoke Shop", "previous_category": "Vapes, Cigars & Accessories", "previous_tenant_end": "2024-08-29 03:39:53+00:00" }, "geometry": { "type": "Point", "coordinates": [ -73.94808482, 40.78317148 ] } },
{ "type": "Feature", "properties": { "cannabis_store_name": "Just a Little Higher", "cannabis_start_date": "2024-08-02 16:44:10+00:00", "address": "698 2nd Avenue", "neighborhood": "Murray Hill", "lat": 40.747058153508817, "lon": -73.97401038, "previous_tenant_name": "Unoccupied", "previous_category": null, "previous_tenant_end": null }, "geometry": { "type": "Point", "coordinates": [ -73.97401038, 40.747058153508817 ] } },
{ "type": "Feature", "properties": { "cannabis_store_name": "FlynnStoned Cannabis Company", "cannabis_start_date": "2026-01-28 17:53:56+00:00", "address": "820 2nd Avenue", "neighborhood": "Turtle Bay", "lat": 40.750928764174461, "lon": -73.97118644, "previous_tenant_name": "Hallmark", "previous_category": "Cards & Stationery", "previous_tenant_end": "2025-05-16 16:39:18+00:00" }, "geometry": { "type": "Point", "coordinates": [ -73.97118644, 40.750928764174461 ] } },
{ "type": "Feature", "properties": { "cannabis_store_name": "Torches", "cannabis_start_date": "2025-02-14 22:10:40+00:00", "address": "12 East 42nd Street", "neighborhood": "Grand Central", "lat": 40.753145849892917, "lon": -73.98048357, "previous_tenant_name": "Nat Sherman", "previous_category": "Vapes, Cigars & Accessories", "previous_tenant_end": "2021-02-05 04:23:01+00:00" }, "geometry": { "type": "Point", "coordinates": [ -73.98048357, 40.753145849892917 ] } },
{ "type": "Feature", "properties": { "cannabis_store_name": "Sofaclub Cannabis", "cannabis_start_date": "2025-04-01 17:05:45+00:00", "address": "229 Avenue B", "neighborhood": "East Village", "lat": 40.729213525389554, "lon": -73.97807204, "previous_tenant_name": "Everytable", "previous_category": "Restaurant", "previous_tenant_end": "2024-06-27 03:06:53+00:00" }, "geometry": { "type": "Point", "coordinates": [ -73.97807204, 40.729213525389554 ] } },
{ "type": "Feature", "properties": { "cannabis_store_name": "Liberty Buds", "cannabis_start_date": "2024-06-24 17:30:10+00:00", "address": "1115 1st Avenue", "neighborhood": "Lenox Hill", "lat": 40.761136524229585, "lon": -73.96106417, "previous_tenant_name": "Mattress Firm", "previous_category": "Furniture & Home Goods", "previous_tenant_end": "2023-06-30 21:52:08+00:00" }, "geometry": { "type": "Point", "coordinates": [ -73.96106417, 40.761136524229585 ] } },
{ "type": "Feature", "properties": { "cannabis_store_name": "The Flowery", "cannabis_start_date": "2025-11-13 19:40:36+00:00", "address": "112 Christopher Street", "neighborhood": "West Village", "lat": 40.733176465368807, "lon": -74.00524491, "previous_tenant_name": "New York State World Pride Welcome Center", "previous_category": "Tours & Visitor Info", "previous_tenant_end": "2023-03-02 19:30:42+00:00" }, "geometry": { "type": "Point", "coordinates": [ -74.00524491, 40.733176465368807 ] } },
{ "type": "Feature", "properties": { "cannabis_store_name": "FlynnStoned Cannabis Company", "cannabis_start_date": "2026-05-04 18:11:29+00:00", "address": "388 Christopher St", "neighborhood": "West Village", "lat": 40.73257280346165, "lon": -74.01003688, "previous_tenant_name": "Unoccupied", "previous_category": null, "previous_tenant_end": null }, "geometry": { "type": "Point", "coordinates": [ -74.01003688, 40.73257280346165 ] } },
{ "type": "Feature", "properties": { "cannabis_store_name": "Freshly Baked", "cannabis_start_date": "2026-05-22 20:31:39+00:00", "address": "40 West 55th Street", "neighborhood": "Sixth Avenue", "lat": 40.762288918730313, "lon": -73.97662027, "previous_tenant_name": "Bike Rent NYC", "previous_category": "Sporting Goods & Outdoor Equipment", "previous_tenant_end": "2025-11-08 06:02:10+00:00" }, "geometry": { "type": "Point", "coordinates": [ -73.97662027, 40.762288918730313 ] } },
{ "type": "Feature", "properties": { "cannabis_store_name": "Rezidue Dispensary", "cannabis_start_date": "2025-10-23 14:39:17+00:00", "address": "723 111th Ave", "neighborhood": "Hell's Kitchen", "lat": 40.76673031, "lon": -73.9942209, "previous_tenant_name": "United", "previous_category": "Hardware & Home Improvement", "previous_tenant_end": "2019-02-21 18:32:43+00:00" }, "geometry": { "type": "Point", "coordinates": [ -73.9942209, 40.76673031 ] } },
{ "type": "Feature", "properties": { "cannabis_store_name": "Lighthouse Cannabis", "cannabis_start_date": "2025-11-05 02:49:16+00:00", "address": "381 Broadway", "neighborhood": "Tribeca", "lat": 40.718158283884719, "lon": -74.00310553, "previous_tenant_name": "Joey Pepperoni's Pizza", "previous_category": "Restaurant", "previous_tenant_end": "2023-05-24 04:42:32+00:00" }, "geometry": { "type": "Point", "coordinates": [ -74.00310553, 40.718158283884719 ] } },
{ "type": "Feature", "properties": { "cannabis_store_name": "Hold Up Roll Up", "cannabis_start_date": "2026-04-29 20:26:51+00:00", "address": "765 Washington Avenue", "neighborhood": "Crown Heights", "lat": 40.67394559, "lon": -73.96287652, "previous_tenant_name": "Happy Cleaners", "previous_category": "Laundry, Cleaners & Tailors", "previous_tenant_end": "2017-12-18 21:39:51+00:00" }, "geometry": { "type": "Point", "coordinates": [ -73.96287652, 40.67394559 ] } },
{ "type": "Feature", "properties": { "cannabis_store_name": "Pure Blossoms Cannabis", "cannabis_start_date": "2026-05-07 19:18:18+00:00", "address": "716 Amsterdam Avenue", "neighborhood": "Upper West Side", "lat": 40.793252723878673, "lon": -73.97115906000001, "previous_tenant_name": "GCS Building Supplies, Inc", "previous_category": "Hardware & Home Improvement", "previous_tenant_end": "2024-08-15 02:26:02+00:00" }, "geometry": { "type": "Point", "coordinates": [ -73.97115906, 40.793252723878673 ] } },
{ "type": "Feature", "properties": { "cannabis_store_name": "Q Dispensary", "cannabis_start_date": "2025-04-23 17:03:48+00:00", "address": "733 Flatbush Avenue", "neighborhood": "Prospect Lefferts Ga", "lat": 40.655110674050192, "lon": -73.95958869, "previous_tenant_name": "Paint Puff \"N\" Peace", "previous_category": "Hardware & Home Improvement", "previous_tenant_end": "2024-11-05 04:53:46+00:00" }, "geometry": { "type": "Point", "coordinates": [ -73.95958869, 40.655110674050192 ] } },
{ "type": "Feature", "properties": { "cannabis_store_name": "Bliss + Lex Cannabis Dispensary", "cannabis_start_date": "2024-06-24 17:30:10+00:00", "address": "128 East 86th Street", "neighborhood": "Upper East Side", "lat": 40.779499240721691, "lon": -73.95596696, "previous_tenant_name": "GameStop", "previous_category": "DVDs, Records & Video Games", "previous_tenant_end": "2019-11-01 17:57:24+00:00" }, "geometry": { "type": "Point", "coordinates": [ -73.95596696, 40.779499240721691 ] } },
{ "type": "Feature", "properties": { "cannabis_store_name": "SofaClub", "cannabis_start_date": "2026-05-07 19:18:54+00:00", "address": "2195 Broadway", "neighborhood": "Upper West Side", "lat": 40.783023701341953, "lon": -73.98084595, "previous_tenant_name": "AT&T", "previous_category": "Electronics & Mobile Phones", "previous_tenant_end": "2023-08-09 11:32:05+00:00" }, "geometry": { "type": "Point", "coordinates": [ -73.98084595, 40.783023701341953 ] } },
{ "type": "Feature", "properties": { "cannabis_store_name": "Good Company", "cannabis_start_date": "2026-07-15 17:06:54+00:00", "address": "2273 Broadway", "neighborhood": "Upper West Side", "lat": 40.785644669958543, "lon": -73.97895391, "previous_tenant_name": "Nexa Pilates", "previous_category": "Fitness & Gyms", "previous_tenant_end": "2023-06-25 18:03:51+00:00" }, "geometry": { "type": "Point", "coordinates": [ -73.97895391, 40.785644669958543 ] } },
{ "type": "Feature", "properties": { "cannabis_store_name": "The Flowery", "cannabis_start_date": "2025-05-16 17:11:23+00:00", "address": "2465 Broadway", "neighborhood": "Upper West Side", "lat": 40.791790519903877, "lon": -73.97419006, "previous_tenant_name": "SoulCycle", "previous_category": "Fitness & Gyms", "previous_tenant_end": "2023-06-25 17:55:47+00:00" }, "geometry": { "type": "Point", "coordinates": [ -73.97419006, 40.791790519903877 ] } },
{ "type": "Feature", "properties": { "cannabis_store_name": "Matawana", "cannabis_start_date": "2024-04-26 19:10:43+00:00", "address": "533 5th Avenue", "neighborhood": "Park Slope", "lat": 40.66621891831501, "lon": -73.98859721, "previous_tenant_name": "Chase Bank", "previous_category": "Banks & Atms", "previous_tenant_end": "2024-01-17 11:21:43+00:00" }, "geometry": { "type": "Point", "coordinates": [ -73.98859721, 40.66621891831501 ] } },
{ "type": "Feature", "properties": { "cannabis_store_name": "Hibrary Club", "cannabis_start_date": "2026-05-08 16:45:45+00:00", "address": "695 5th Avenue", "neighborhood": "Greenwood", "lat": 40.661087214483423, "lon": -73.99350711, "previous_tenant_name": "Noise NYC", "previous_category": "Vapes, Cigars & Accessories", "previous_tenant_end": "2026-02-11 05:19:37+00:00" }, "geometry": { "type": "Point", "coordinates": [ -73.99350711, 40.661087214483423 ] } },
{ "type": "Feature", "properties": { "cannabis_store_name": "Buzzy Cannabis Dispensary", "cannabis_start_date": "2026-01-24 19:44:30+00:00", "address": "137 Court Street", "neighborhood": "Cobble Hill", "lat": 40.689499070302411, "lon": -73.99230605, "previous_tenant_name": "Unoccupied", "previous_category": null, "previous_tenant_end": null }, "geometry": { "type": "Point", "coordinates": [ -73.99230605, 40.689499070302411 ] } },
{ "type": "Feature", "properties": { "cannabis_store_name": "Broadway Strains", "cannabis_start_date": "2025-05-16 17:11:05+00:00", "address": "3858 Broadway", "neighborhood": "Washington Heights", "lat": 40.836366939167618, "lon": -73.94288487, "previous_tenant_name": "Bladis Deli", "previous_category": "Groceries & Convenience", "previous_tenant_end": "2018-05-15 16:39:36+00:00" }, "geometry": { "type": "Point", "coordinates": [ -73.94288487, 40.836366939167618 ] } },
{ "type": "Feature", "properties": { "cannabis_store_name": "Kaya Bliss", "cannabis_start_date": "2025-10-09 18:39:29+00:00", "address": "64 Henry Street", "neighborhood": "Brooklyn Heights", "lat": 40.699012868895757, "lon": -73.99238053000001, "previous_tenant_name": "Smoke Shop", "previous_category": "Vapes, Cigars & Accessories", "previous_tenant_end": "2024-12-24 05:27:28+00:00" }, "geometry": { "type": "Point", "coordinates": [ -73.99238053, 40.699012868895757 ] } },
{ "type": "Feature", "properties": { "cannabis_store_name": "Yerba Buena", "cannabis_start_date": "2025-04-15 21:57:25+00:00", "address": "292 Atlantic Avenue", "neighborhood": "Boerum Hill", "lat": 40.688457285921118, "lon": -73.9891705, "previous_tenant_name": "Metro Buffet", "previous_category": "Food Hall", "previous_tenant_end": "2024-09-06 04:05:40+00:00" }, "geometry": { "type": "Point", "coordinates": [ -73.9891705, 40.688457285921118 ] } },
{ "type": "Feature", "properties": { "cannabis_store_name": "NYC Bud", "cannabis_start_date": "2024-07-17 17:30:53+00:00", "address": "44-45 Vernon Boulevard", "neighborhood": "Hunters Point", "lat": 40.749157176435205, "lon": -73.95204019000001, "previous_tenant_name": "Gruppo Five Subpartners", "previous_category": "Business, Commercial & Professional Services", "previous_tenant_end": "2023-07-28 08:39:34+00:00" }, "geometry": { "type": "Point", "coordinates": [ -73.95204019, 40.749157176435205 ] } },
{ "type": "Feature", "properties": { "cannabis_store_name": "Happy Munkey", "cannabis_start_date": "2025-02-03 19:59:21+00:00", "address": "453 Fulton Street", "neighborhood": "Downtown Brooklyn", "lat": 40.691429031442141, "lon": -73.98696649, "previous_tenant_name": "Downtown Pawn Shop", "previous_category": "Pawn Shop", "previous_tenant_end": "2023-07-25 02:36:53+00:00" }, "geometry": { "type": "Point", "coordinates": [ -73.98696649, 40.691429031442141 ] } },
{ "type": "Feature", "properties": { "cannabis_store_name": "Grams Cannabis", "cannabis_start_date": "2025-08-08 15:15:23+00:00", "address": "360 Graham Avenue", "neighborhood": "East Williamsburg", "lat": 40.715028504950453, "lon": -73.94432332, "previous_tenant_name": "Salerno Surgical Supplies", "previous_category": "Commercial Supply Store", "previous_tenant_end": "2025-02-22 02:47:38+00:00" }, "geometry": { "type": "Point", "coordinates": [ -73.94432332, 40.715028504950453 ] } },
{ "type": "Feature", "properties": { "cannabis_store_name": "Diamond Dispensary", "cannabis_start_date": "2026-01-28 01:39:42+00:00", "address": "455 Graham Avenue", "neighborhood": "East Williamsburg", "lat": 40.719039959640241, "lon": -73.94534376, "previous_tenant_name": "Computer Answers", "previous_category": "Repair Services", "previous_tenant_end": "2025-04-27 04:15:54+00:00" }, "geometry": { "type": "Point", "coordinates": [ -73.94534376, 40.719039959640241 ] } },
{ "type": "Feature", "properties": { "cannabis_store_name": "Cannavita", "cannabis_start_date": "2023-11-09 21:49:26+00:00", "address": "30-30 Steinway Street", "neighborhood": "Astoria", "lat": 40.763174755183407, "lon": -73.91575425000001, "previous_tenant_name": "Sprint", "previous_category": "Electronics & Mobile Phones", "previous_tenant_end": "2023-07-01 16:26:44+00:00" }, "geometry": { "type": "Point", "coordinates": [ -73.91575425, 40.763174755183407 ] } },
{ "type": "Feature", "properties": { "cannabis_store_name": "Dagmar", "cannabis_start_date": "2024-01-26 19:08:36+00:00", "address": "412 West Broadway", "neighborhood": "SoHo", "lat": 40.724869493850278, "lon": -74.00182526, "previous_tenant_name": "Tous", "previous_category": "Jewelry Store", "previous_tenant_end": "2023-06-02 02:54:24+00:00" }, "geometry": { "type": "Point", "coordinates": [ -74.00182526, 40.724869493850278 ] } },
{ "type": "Feature", "properties": { "cannabis_store_name": "Brooklyn Bourne", "cannabis_start_date": "2024-10-11 16:57:54+00:00", "address": "2225 Church Avenue", "neighborhood": "Flatbush", "lat": 40.650558798324795, "lon": -73.95780697, "previous_tenant_name": "JBS Clothing", "previous_category": "Clothing Store", "previous_tenant_end": "2023-08-31 12:37:35+00:00" }, "geometry": { "type": "Point", "coordinates": [ -73.95780697, 40.650558798324795 ] } },
{ "type": "Feature", "properties": { "cannabis_store_name": "Mello Tymes", "cannabis_start_date": "2026-04-15 18:50:11+00:00", "address": "1597 St Nicholas Avenue", "neighborhood": "Fort George", "lat": 40.854817946048783, "lon": -73.9299256, "previous_tenant_name": "G & S Hardware", "previous_category": "Hardware & Home Improvement", "previous_tenant_end": "2025-01-17 04:26:17+00:00" }, "geometry": { "type": "Point", "coordinates": [ -73.9299256, 40.854817946048783 ] } },
{ "type": "Feature", "properties": { "cannabis_store_name": "OG Cannabis Dispensary", "cannabis_start_date": "2025-05-16 18:28:07+00:00", "address": "769 Franklin Avenue", "neighborhood": "Crown Heights", "lat": 40.672515959352452, "lon": -73.95716676000001, "previous_tenant_name": "SJ Green Market", "previous_category": "Groceries & Convenience", "previous_tenant_end": "2025-01-07 05:09:00+00:00" }, "geometry": { "type": "Point", "coordinates": [ -73.95716676, 40.672515959352452 ] } },
{ "type": "Feature", "properties": { "cannabis_store_name": "The Flowery New York", "cannabis_start_date": "2024-12-24 06:19:52+00:00", "address": "692 Grand Street", "neighborhood": "East Williamsburg", "lat": 40.711442929625413, "lon": -73.94487606, "previous_tenant_name": "AT&T", "previous_category": "Electronics & Mobile Phones", "previous_tenant_end": "2023-04-10 03:08:11+00:00" }, "geometry": { "type": "Point", "coordinates": [ -73.94487606, 40.711442929625413 ] } },
{ "type": "Feature", "properties": { "cannabis_store_name": "Hand In Bush", "cannabis_start_date": "2026-01-28 01:38:36+00:00", "address": "834 Dekalb Avenue", "neighborhood": "Bedford-Stuyvesant", "lat": 40.692199288085753, "lon": -73.94291313, "previous_tenant_name": "Brooklyn Cooperative Federal Credit Union", "previous_category": "Financial Services Center", "previous_tenant_end": "2024-08-16 02:50:23+00:00" }, "geometry": { "type": "Point", "coordinates": [ -73.94291313, 40.692199288085753 ] } },
{ "type": "Feature", "properties": { "cannabis_store_name": "Midnight Moon", "cannabis_start_date": "2026-01-28 01:40:51+00:00", "address": "1536 Amsterdam Avenue", "neighborhood": "Hamilton Heights", "lat": 40.819524738133566, "lon": -73.95198795, "previous_tenant_name": "Wine & Unwind", "previous_category": "Liquor & Wine", "previous_tenant_end": "2026-01-28 01:40:51+00:00" }, "geometry": { "type": "Point", "coordinates": [ -73.95198795, 40.819524738133566 ] } },
{ "type": "Feature", "properties": { "cannabis_store_name": "The Emerald Dispensary", "cannabis_start_date": "2024-02-26 16:55:31+00:00", "address": "85 Suydam Street", "neighborhood": "Bushwick", "lat": 40.69784474539987, "lon": -73.92936927, "previous_tenant_name": "Agape", "previous_category": "Religious Center", "previous_tenant_end": "2023-07-03 23:13:51+00:00" }, "geometry": { "type": "Point", "coordinates": [ -73.92936927, 40.69784474539987 ] } },
{ "type": "Feature", "properties": { "cannabis_store_name": "Misha‚Äôs Flower Shop", "cannabis_start_date": "2024-08-02 14:47:26+00:00", "address": "299 Knickerbocker Avenue", "neighborhood": "Bushwick", "lat": 40.701841949245818, "lon": -73.9234706, "previous_tenant_name": "Rent A Center", "previous_category": "Department Store", "previous_tenant_end": "2024-08-02 14:47:26+00:00" }, "geometry": { "type": "Point", "coordinates": [ -73.9234706, 40.701841949245818 ] } },
{ "type": "Feature", "properties": { "cannabis_store_name": "Terp Bros", "cannabis_start_date": "2023-11-09 21:45:45+00:00", "address": "36-10 Ditmars Boulevard", "neighborhood": "Astoria", "lat": 40.774040265203958, "lon": -73.90796164, "previous_tenant_name": "American Woodworking Company", "previous_category": "Business, Commercial & Professional Services", "previous_tenant_end": "2023-07-01 16:52:34+00:00" }, "geometry": { "type": "Point", "coordinates": [ -73.90796164, 40.774040265203958 ] } },
{ "type": "Feature", "properties": { "cannabis_store_name": "Seneca Cannabis", "cannabis_start_date": "2026-02-27 18:44:18+00:00", "address": "662 Seneca Avenue", "neighborhood": "Ridgewood", "lat": 40.703353715153128, "lon": -73.90880274, "previous_tenant_name": "Seneca Garden", "previous_category": "Vapes, Cigars & Accessories", "previous_tenant_end": "2025-01-10 03:07:15+00:00" }, "geometry": { "type": "Point", "coordinates": [ -73.90880274, 40.703353715153128 ] } },
{ "type": "Feature", "properties": { "cannabis_store_name": "BK Exotic", "cannabis_start_date": "2024-06-24 17:30:08+00:00", "address": "1056 Flatbush Avenue", "neighborhood": "Flatbush", "lat": 40.645212084167653, "lon": -73.95818386000001, "previous_tenant_name": "T-Mobile", "previous_category": "Electronics & Mobile Phones", "previous_tenant_end": "2023-07-01 19:10:35+00:00" }, "geometry": { "type": "Point", "coordinates": [ -73.95818386, 40.645212084167653 ] } },
{ "type": "Feature", "properties": { "cannabis_store_name": "Uplift Royal Dispensary", "cannabis_start_date": "2026-05-11 17:18:34+00:00", "address": "1557 Lexington Avenue", "neighborhood": "East Harlem", "lat": 40.788052837273732, "lon": -73.94918034, "previous_tenant_name": "Willy's Convenience", "previous_category": "Groceries & Convenience", "previous_tenant_end": "2025-08-14 01:13:51+00:00" }, "geometry": { "type": "Point", "coordinates": [ -73.94918034, 40.788052837273732 ] } },
{ "type": "Feature", "properties": { "cannabis_store_name": "Dazed Cannabis", "cannabis_start_date": "2025-11-05 02:51:40+00:00", "address": "1596 Flatbush Avenue", "neighborhood": "Flatbush", "lat": 40.631772050239078, "lon": -73.94691707, "previous_tenant_name": "The Vitamin Shoppe", "previous_category": "Vitamin & Supplement Store", "previous_tenant_end": "2025-11-05 02:51:40+00:00" }, "geometry": { "type": "Point", "coordinates": [ -73.94691707, 40.631772050239078 ] } },
{ "type": "Feature", "properties": { "cannabis_store_name": "All Good Dispensary", "cannabis_start_date": "2025-06-30 18:14:26+00:00", "address": "3405 Avenue H", "neighborhood": "Northeast Flatbush", "lat": 40.632020471487948, "lon": -73.94343937, "previous_tenant_name": "Holy Ghost Church Of God", "previous_category": "Religious Center", "previous_tenant_end": "2023-10-09 11:11:40+00:00" }, "geometry": { "type": "Point", "coordinates": [ -73.94343937, 40.632020471487948 ] } },
{ "type": "Feature", "properties": { "cannabis_store_name": "Indoor", "cannabis_start_date": "2026-03-09 16:30:40+00:00", "address": "157-48 Crossbay Boulevard", "neighborhood": "Rockwood Park", "lat": 40.661120337043371, "lon": -73.84076018, "previous_tenant_name": "Cross Bay Discount", "previous_category": "Groceries & Convenience", "previous_tenant_end": "2025-12-20 06:59:08+00:00" }, "geometry": { "type": "Point", "coordinates": [ -73.84076018, 40.661120337043371 ] } },
{ "type": "Feature", "properties": { "cannabis_store_name": "NSH LLC", "cannabis_start_date": "2025-08-21 21:04:26+00:00", "address": "2280 Flatbush Avenue", "neighborhood": "Marine Park", "lat": 40.614347161438928, "lon": -73.92797677, "previous_tenant_name": "Berkshire Hathaway Home Services - Fillmore Real Estate", "previous_category": "Business, Commercial & Professional Services", "previous_tenant_end": "2025-08-21 21:04:26+00:00" }, "geometry": { "type": "Point", "coordinates": [ -73.92797677, 40.614347161438928 ] } },
{ "type": "Feature", "properties": { "cannabis_store_name": "The Sanctuary Garden", "cannabis_start_date": "2025-10-16 20:07:52+00:00", "address": "2610 Broadway", "neighborhood": "Upper West Side", "lat": 40.796152787258457, "lon": -73.970379, "previous_tenant_name": "Sister Salon", "previous_category": "Nail Salon", "previous_tenant_end": "2023-06-25 17:48:24+00:00" }, "geometry": { "type": "Point", "coordinates": [ -73.970379, 40.796152787258457 ] } },
{ "type": "Feature", "properties": { "cannabis_store_name": "Weedly NYC", "cannabis_start_date": "2026-02-28 16:48:39+00:00", "address": "9 Newkirk Plaza", "neighborhood": "Ditmas Park", "lat": 40.635241073220747, "lon": -73.9626866, "previous_tenant_name": "Cannabis World", "previous_category": "Vapes, Cigars & Accessories", "previous_tenant_end": "2025-12-07 00:26:32+00:00" }, "geometry": { "type": "Point", "coordinates": [ -73.9626866, 40.635241073220747 ] } },
{ "type": "Feature", "properties": { "cannabis_store_name": "Astoria Bud Boutique", "cannabis_start_date": "2026-02-27 04:20:37+00:00", "address": "30-12 Astoria Boulevard", "neighborhood": "Astoria", "lat": 40.77006375, "lon": -73.91854219, "previous_tenant_name": "Chick -N- Soup", "previous_category": "Restaurant", "previous_tenant_end": "2023-07-15 11:07:55+00:00" }, "geometry": { "type": "Point", "coordinates": [ -73.91854219, 40.77006375 ] } },
{ "type": "Feature", "properties": { "cannabis_store_name": "Herbarium", "cannabis_start_date": "2025-02-24 21:19:58+00:00", "address": "465 Onderdonk Avenue", "neighborhood": "Ridgewood", "lat": 40.70693163, "lon": -73.91200142, "previous_tenant_name": "Mondo Sport Sandwiches Shop", "previous_category": "Restaurant", "previous_tenant_end": "2025-01-09 04:28:26+00:00" }, "geometry": { "type": "Point", "coordinates": [ -73.91200142, 40.70693163 ] } },
{ "type": "Feature", "properties": { "cannabis_store_name": "Brooklyn Urban Dispensary", "cannabis_start_date": "2026-07-03 14:23:48+00:00", "address": "148 Kingsland Avenue", "neighborhood": "East Williamsburg-Bushwick", "lat": 40.721586990986225, "lon": -73.9407182, "previous_tenant_name": "Call Box Sports Bar", "previous_category": "Bar", "previous_tenant_end": "2023-08-14 10:32:23+00:00" }, "geometry": { "type": "Point", "coordinates": [ -73.9407182, 40.721586990986225 ] } },
{ "type": "Feature", "properties": { "cannabis_store_name": "Quality Control Dispensary", "cannabis_start_date": "2025-05-24 22:25:02+00:00", "address": "3169 Coney Island Avenue", "neighborhood": "Brighton Beach", "lat": 40.578742162559223, "lon": -73.95951158, "previous_tenant_name": "Milena", "previous_category": "Clothing Store", "previous_tenant_end": "2024-12-24 04:15:07+00:00" }, "geometry": { "type": "Point", "coordinates": [ -73.95951158, 40.578742162559223 ] } },
{ "type": "Feature", "properties": { "cannabis_store_name": "High Tidez", "cannabis_start_date": "2025-08-01 15:28:58+00:00", "address": "1019 Surf Avenue", "neighborhood": "Coney Island", "lat": 40.575660000053546, "lon": -73.97871044, "previous_tenant_name": "Unoccupied", "previous_category": null, "previous_tenant_end": null }, "geometry": { "type": "Point", "coordinates": [ -73.97871044, 40.575660000053546 ] } },
{ "type": "Feature", "properties": { "cannabis_store_name": "Tiki Leaves", "cannabis_start_date": "2024-06-24 17:30:09+00:00", "address": "1511 Neptune Avenue", "neighborhood": "Coney Island", "lat": 40.57928823653765, "lon": -73.98352982, "previous_tenant_name": "Pop's Restaurant", "previous_category": "Restaurant", "previous_tenant_end": "2023-06-12 16:40:03+00:00" }, "geometry": { "type": "Point", "coordinates": [ -73.98352982, 40.57928823653765 ] } },
{ "type": "Feature", "properties": { "cannabis_store_name": "Greene Street Cannabis Co.", "cannabis_start_date": "2025-11-13 19:39:19+00:00", "address": "3448 Nostrand Avenue", "neighborhood": "Homecrest", "lat": 40.600028174830669, "lon": -73.94196604, "previous_tenant_name": "Pro Health", "previous_category": "Healthcare", "previous_tenant_end": "2024-07-02 04:11:41+00:00" }, "geometry": { "type": "Point", "coordinates": [ -73.94196604, 40.600028174830669 ] } },
{ "type": "Feature", "properties": { "cannabis_store_name": "Grow Together", "cannabis_start_date": "2023-11-09 21:47:19+00:00", "address": "2370 Coney Island Avenue", "neighborhood": "Sheepshead Bay", "lat": 40.599124281248528, "lon": -73.9614363, "previous_tenant_name": "Real Results", "previous_category": "Learning Centers & Studios", "previous_tenant_end": "2018-05-17 17:56:36+00:00" }, "geometry": { "type": "Point", "coordinates": [ -73.9614363, 40.599124281248528 ] } },
{ "type": "Feature", "properties": { "cannabis_store_name": "Easy Times", "cannabis_start_date": "2026-01-28 01:40:50+00:00", "address": "2668 Coney Island Avenue", "neighborhood": "Sheepshead Bay", "lat": 40.591715965968348, "lon": -73.96087728000001, "previous_tenant_name": "A N S Grocery Newsstand", "previous_category": "Groceries & Convenience", "previous_tenant_end": "2026-01-28 01:40:50+00:00" }, "geometry": { "type": "Point", "coordinates": [ -73.96087728, 40.591715965968348 ] } },
{ "type": "Feature", "properties": { "cannabis_store_name": "Freshly Baked NYC", "cannabis_start_date": "2024-08-02 14:22:49+00:00", "address": "2375 Arthur Avenue", "neighborhood": "Belmont", "lat": 40.855066071535845, "lon": -73.88814309, "previous_tenant_name": "Fabco Shoes", "previous_category": "Shoe Store", "previous_tenant_end": "2023-12-10 10:26:53+00:00" }, "geometry": { "type": "Point", "coordinates": [ -73.88814309, 40.855066071535845 ] } },
{ "type": "Feature", "properties": { "cannabis_store_name": "Legacy Lifestyle Cannabis", "cannabis_start_date": "2026-05-07 19:19:25+00:00", "address": "5901 Church Avenue", "neighborhood": "Canarsie", "lat": 40.652730561149987, "lon": -73.92164994, "previous_tenant_name": "Dunkin' Donuts", "previous_category": "Coffee & Tea", "previous_tenant_end": "2024-09-25 05:15:11+00:00" }, "geometry": { "type": "Point", "coordinates": [ -73.92164994, 40.652730561149987 ] } },
{ "type": "Feature", "properties": { "cannabis_store_name": "Flynnstoned", "cannabis_start_date": "2025-10-16 20:07:24+00:00", "address": "8110 5th Avenue", "neighborhood": "Bay Ridge", "lat": 40.624850452930445, "lon": -74.02468887000001, "previous_tenant_name": "Roosevelt Savings Bank", "previous_category": "Banks & Atms", "previous_tenant_end": "2024-02-20 08:30:09+00:00" }, "geometry": { "type": "Point", "coordinates": [ -74.02468887, 40.624850452930445 ] } },
{ "type": "Feature", "properties": { "cannabis_store_name": "Purple Buds", "cannabis_start_date": "2026-05-22 20:32:45+00:00", "address": "40-06 76th Street", "neighborhood": "Elmhurst", "lat": 40.746844001123421, "lon": -73.8896239, "previous_tenant_name": "Caroline Unisex Spa & Barber Shop", "previous_category": "Barber Shops & Hair Salons", "previous_tenant_end": "2026-05-22 20:32:45+00:00" }, "geometry": { "type": "Point", "coordinates": [ -73.8896239, 40.746844001123421 ] } },
{ "type": "Feature", "properties": { "cannabis_store_name": "Hudson Economics", "cannabis_start_date": "2026-04-02 16:51:35+00:00", "address": "1981 86th Street", "neighborhood": "Bensonhurst", "lat": 40.60484830332431, "lon": -73.99835953, "previous_tenant_name": "Metro PCS", "previous_category": "Electronics & Mobile Phones", "previous_tenant_end": "2024-12-24 05:36:09+00:00" }, "geometry": { "type": "Point", "coordinates": [ -73.99835953, 40.60484830332431 ] } },
{ "type": "Feature", "properties": { "cannabis_store_name": "Bx Buddies Cannabis Dispensary", "cannabis_start_date": "2025-11-04 17:36:24+00:00", "address": "2935 3rd Avenue", "neighborhood": "Melrose", "lat": 40.817708857719289, "lon": -73.91558938, "previous_tenant_name": "Amazing Savings Deal", "previous_category": "Groceries & Convenience", "previous_tenant_end": "2024-11-26 01:23:40+00:00" }, "geometry": { "type": "Point", "coordinates": [ -73.91558938, 40.817708857719289 ] } },
{ "type": "Feature", "properties": { "cannabis_store_name": "Keya Bliss", "cannabis_start_date": "2025-01-22 02:42:42+00:00", "address": "8412 3rd Avenue", "neighborhood": "Bay Ridge", "lat": 40.624747115302711, "lon": -74.0306893, "previous_tenant_name": "Pilo Arts Day Spa & Salon", "previous_category": "Massage & Relaxation", "previous_tenant_end": "2024-11-05 06:22:30+00:00" }, "geometry": { "type": "Point", "coordinates": [ -74.0306893, 40.624747115302711 ] } },
{ "type": "Feature", "properties": { "cannabis_store_name": "Fireleaf NY", "cannabis_start_date": "2024-11-13 19:20:20+00:00", "address": "2102 Ralph Avenue", "neighborhood": "Flatlands", "lat": 40.626215708150085, "lon": -73.91816324, "previous_tenant_name": "Capital One Bank", "previous_category": "Banks & Atms", "previous_tenant_end": "2023-08-31 04:17:52+00:00" }, "geometry": { "type": "Point", "coordinates": [ -73.91816324, 40.626215708150085 ] } },
{ "type": "Feature", "properties": { "cannabis_store_name": "High Dankery", "cannabis_start_date": "2025-07-18 03:14:50+00:00", "address": "7815 3rd Avenue", "neighborhood": "Bay Ridge", "lat": 40.628843824651518, "lon": -74.02870781, "previous_tenant_name": "Brooklyn Smokes", "previous_category": "Vapes, Cigars & Accessories", "previous_tenant_end": "2024-11-05 06:47:30+00:00" }, "geometry": { "type": "Point", "coordinates": [ -74.02870781, 40.628843824651518 ] } },
{ "type": "Feature", "properties": { "cannabis_store_name": "Green Klub", "cannabis_start_date": "2025-11-05 02:47:24+00:00", "address": "108 South Street", "neighborhood": "Financial District", "lat": 40.70700505176508, "lon": -74.00199679000001, "previous_tenant_name": "Di Fara Pizza", "previous_category": "Restaurant", "previous_tenant_end": "2025-11-05 02:47:24+00:00" }, "geometry": { "type": "Point", "coordinates": [ -74.00199679, 40.70700505176508 ] } },
{ "type": "Feature", "properties": { "cannabis_store_name": "Big City Flavors", "cannabis_start_date": "2026-02-25 19:02:00+00:00", "address": "111-19 Liberty Avenue", "neighborhood": "South Richmond Hill", "lat": 40.685120881805233, "lon": -73.83045293000001, "previous_tenant_name": "Karl Mohan Group Realty", "previous_category": "Business, Commercial & Professional Services", "previous_tenant_end": "2025-12-06 02:57:11+00:00" }, "geometry": { "type": "Point", "coordinates": [ -73.83045293, 40.685120881805233 ] } },
{ "type": "Feature", "properties": { "cannabis_store_name": "Mecca", "cannabis_start_date": "2026-05-11 19:11:20+00:00", "address": "95-31 Jamaica Avenue", "neighborhood": "Woodhaven", "lat": 40.69459726379052, "lon": -73.84924885, "previous_tenant_name": "God Bless You All Pharmacy", "previous_category": "Pharmacy", "previous_tenant_end": "2025-02-13 06:05:28+00:00" }, "geometry": { "type": "Point", "coordinates": [ -73.84924885, 40.69459726379052 ] } },
{ "type": "Feature", "properties": { "cannabis_store_name": "Alta", "cannabis_start_date": "2024-11-13 19:20:20+00:00", "address": "52 Kenmare Street", "neighborhood": "Nolita", "lat": 40.720675735604487, "lon": -73.99546905, "previous_tenant_name": "C Tea", "previous_category": "Coffee & Tea", "previous_tenant_end": "2019-03-05 18:44:17+00:00" }, "geometry": { "type": "Point", "coordinates": [ -73.99546905, 40.720675735604487 ] } },
{ "type": "Feature", "properties": { "cannabis_store_name": "Green Cup", "cannabis_start_date": "2025-08-28 05:28:29+00:00", "address": "95-38 Queens Boulevard", "neighborhood": "Rego Park", "lat": 40.730182903734317, "lon": -73.86336901, "previous_tenant_name": "Chase Bank", "previous_category": "Banks & Atms", "previous_tenant_end": "2023-07-12 22:16:10+00:00" }, "geometry": { "type": "Point", "coordinates": [ -73.86336901, 40.730182903734317 ] } },
{ "type": "Feature", "properties": { "cannabis_store_name": "Herbwell & Cannabis", "cannabis_start_date": "2025-08-01 18:09:45+00:00", "address": "372 East Fordham Road", "neighborhood": "Fordham", "lat": 40.861696332717607, "lon": -73.89251394, "previous_tenant_name": "McDonald's", "previous_category": "Restaurant", "previous_tenant_end": "2024-02-02 15:42:47+00:00" }, "geometry": { "type": "Point", "coordinates": [ -73.89251394, 40.861696332717607 ] } },
{ "type": "Feature", "properties": { "cannabis_store_name": "Cannabis Cowboy", "cannabis_start_date": "2026-05-07 19:03:57+00:00", "address": "110-04 Jamaica Avenue", "neighborhood": "Richmond Hill", "lat": 40.696316665154107, "lon": -73.83775865, "previous_tenant_name": "Associated Medical Services P.C.", "previous_category": "Healthcare", "previous_tenant_end": "2023-09-18 13:35:15+00:00" }, "geometry": { "type": "Point", "coordinates": [ -73.83775865, 40.696316665154107 ] } },
{ "type": "Feature", "properties": { "cannabis_store_name": "Flower Power", "cannabis_start_date": "2026-03-06 21:34:59+00:00", "address": "71-10 Grand Avenue", "neighborhood": "Elmhurst", "lat": 40.727867072193348, "lon": -73.89181026, "previous_tenant_name": "Palermo Italian Bakery & Pastries", "previous_category": "Sweets & Desserts", "previous_tenant_end": "2023-12-07 10:48:20+00:00" }, "geometry": { "type": "Point", "coordinates": [ -73.89181026, 40.727867072193348 ] } },
{ "type": "Feature", "properties": { "cannabis_store_name": "CannaBees Dispensary", "cannabis_start_date": "2026-05-29 19:49:11+00:00", "address": "64-01 Grand Avenue", "neighborhood": "Maspeth", "lat": 40.7229752, "lon": -73.90152703, "previous_tenant_name": "Valley National Bank", "previous_category": "Banks & Atms", "previous_tenant_end": "2023-12-07 10:51:49+00:00" }, "geometry": { "type": "Point", "coordinates": [ -73.90152703, 40.7229752 ] } },
{ "type": "Feature", "properties": { "cannabis_store_name": "Just A Little Higher", "cannabis_start_date": "2025-09-11 20:23:13+00:00", "address": "138-72 Queens Boulevard", "neighborhood": "Briarwood", "lat": 40.706977238242267, "lon": -73.81744127, "previous_tenant_name": "No previous owner history", "previous_category": null, "previous_tenant_end": null }, "geometry": { "type": "Point", "coordinates": [ -73.81744127, 40.706977238242267 ] } },
{ "type": "Feature", "properties": { "cannabis_store_name": "The Cannabis Place", "cannabis_start_date": "2024-07-19 18:00:37+00:00", "address": "74-03 Metropolitan Avenue", "neighborhood": "Middle Village", "lat": 40.71295292, "lon": -73.87808432, "previous_tenant_name": "Chase Bank", "previous_category": "Banks & Atms", "previous_tenant_end": "2023-07-24 09:43:15+00:00" }, "geometry": { "type": "Point", "coordinates": [ -73.87808432, 40.71295292 ] } },
{ "type": "Feature", "properties": { "cannabis_store_name": "Happy Alta", "cannabis_start_date": "2025-11-13 19:41:38+00:00", "address": "66-33 Fresh Pond Road", "neighborhood": "Glendale", "lat": 40.708007152049753, "lon": -73.89756498, "previous_tenant_name": "Polanco Brothers", "previous_category": "Vapes, Cigars & Accessories", "previous_tenant_end": "2025-11-13 19:41:38+00:00" }, "geometry": { "type": "Point", "coordinates": [ -73.89756498, 40.708007152049753 ] } },
{ "type": "Feature", "properties": { "cannabis_store_name": "Woodhaven Cannabis Co", "cannabis_start_date": "2025-12-05 06:40:25+00:00", "address": "63-08 Woodhaven Boulevard", "neighborhood": "Middle Village", "lat": 40.724077367113438, "lon": -73.86931982, "previous_tenant_name": "Homelegant", "previous_category": "Furniture & Home Goods", "previous_tenant_end": "2025-08-24 02:48:23+00:00" }, "geometry": { "type": "Point", "coordinates": [ -73.86931982, 40.724077367113438 ] } },
{ "type": "Feature", "properties": { "cannabis_store_name": "Garden Bliss", "cannabis_start_date": "2025-08-28 05:48:51+00:00", "address": "1031 Southern Boulevard", "neighborhood": "Longwood", "lat": 40.82372759880721, "lon": -73.89202345, "previous_tenant_name": "Boulevard Menswear", "previous_category": "Clothing Store", "previous_tenant_end": "2025-03-25 00:52:31+00:00" }, "geometry": { "type": "Point", "coordinates": [ -73.89202345, 40.82372759880721 ] } },
{ "type": "Feature", "properties": { "cannabis_store_name": "Sunset Cannabis Club", "cannabis_start_date": "2025-11-05 02:49:29+00:00", "address": "512 55th Street", "neighborhood": "Sunset Park", "lat": 40.642055412671965, "lon": -74.01298207000001, "previous_tenant_name": "DM Financial Services Inc.", "previous_category": "Financial Services Center", "previous_tenant_end": "2024-04-25 03:20:01+00:00" }, "geometry": { "type": "Point", "coordinates": [ -74.01298207, 40.642055412671965 ] } },
{ "type": "Feature", "properties": { "cannabis_store_name": "New Amsterdam", "cannabis_start_date": "2025-04-23 17:03:22+00:00", "address": "245 West 14th Street", "neighborhood": "Chelsea", "lat": 40.739516316814075, "lon": -74.00154467, "previous_tenant_name": "Leafy Nyc", "previous_category": "Vapes, Cigars & Accessories", "previous_tenant_end": "2024-11-10 03:05:43+00:00" }, "geometry": { "type": "Point", "coordinates": [ -74.00154467, 40.739516316814075 ] } },
{ "type": "Feature", "properties": { "cannabis_store_name": "Flynn Stoned", "cannabis_start_date": "2026-04-27 21:11:05+00:00", "address": "599 10th Avenue", "neighborhood": "Hell's Kitchen", "lat": 40.760635756002387, "lon": -73.99494617000001, "previous_tenant_name": "The Spot", "previous_category": "Bar", "previous_tenant_end": "2025-06-15 23:31:03+00:00" }, "geometry": { "type": "Point", "coordinates": [ -73.99494617, 40.760635756002387 ] } },
{ "type": "Feature", "properties": { "cannabis_store_name": "Conbud", "cannabis_start_date": "2024-04-02 19:51:44+00:00", "address": "85 Delancey Street", "neighborhood": "Lower East Side", "lat": 40.718749417522332, "lon": -73.98960474, "previous_tenant_name": "Coltown Properties Management", "previous_category": "Business, Commercial & Professional Services", "previous_tenant_end": "2023-06-19 03:47:36+00:00" }, "geometry": { "type": "Point", "coordinates": [ -73.98960474, 40.718749417522332 ] } },
{ "type": "Feature", "properties": { "cannabis_store_name": "The Flowery", "cannabis_start_date": "2025-07-24 20:59:40+00:00", "address": "70 Canal Street", "neighborhood": "Chinatown", "lat": 40.71509537, "lon": -73.99291575, "previous_tenant_name": "Bike Shop", "previous_category": "Sporting Goods & Outdoor Equipment", "previous_tenant_end": "2023-06-13 03:12:34+00:00" }, "geometry": { "type": "Point", "coordinates": [ -73.99291575, 40.71509537 ] } },
{ "type": "Feature", "properties": { "cannabis_store_name": "The Travel Agency", "cannabis_start_date": "2024-07-19 18:00:37+00:00", "address": "122 Flatbush Avenue", "neighborhood": "Boerum Hill", "lat": 40.68494342, "lon": -73.97831025000001, "previous_tenant_name": "HSBC", "previous_category": "Banks & Atms", "previous_tenant_end": "2021-07-23 02:38:57+00:00" }, "geometry": { "type": "Point", "coordinates": [ -73.97831025, 40.68494342 ] } },
{ "type": "Feature", "properties": { "cannabis_store_name": "Stashmaster", "cannabis_start_date": "2025-03-26 18:51:01+00:00", "address": "1119 Broadway", "neighborhood": "Bushwick", "lat": 40.693833779106257, "lon": -73.92944282000001, "previous_tenant_name": "4am Nyc Events", "previous_category": "Performance Venue", "previous_tenant_end": "2024-07-07 00:18:07+00:00" }, "geometry": { "type": "Point", "coordinates": [ -73.92944282, 40.693833779106257 ] } },
{ "type": "Feature", "properties": { "cannabis_store_name": "House Of Strains II", "cannabis_start_date": "2026-05-22 20:34:17+00:00", "address": "133-36 Whitestone Expressway", "neighborhood": "Flushing", "lat": 40.768760184420955, "lon": -73.83591059, "previous_tenant_name": "Exit 14 Convenience Exotics", "previous_category": "Vapes, Cigars & Accessories", "previous_tenant_end": "2026-05-22 20:34:17+00:00" }, "geometry": { "type": "Point", "coordinates": [ -73.83591059, 40.768760184420955 ] } },
{ "type": "Feature", "properties": { "cannabis_store_name": "Conbud", "cannabis_start_date": "2024-08-02 14:14:14+00:00", "address": "2412 3rd Avenue", "neighborhood": "Mott Haven", "lat": 40.808281969438355, "lon": -73.93053996, "previous_tenant_name": "Mott Haven Bar & Grill", "previous_category": "Restaurant", "previous_tenant_end": "2023-06-05 00:07:47+00:00" }, "geometry": { "type": "Point", "coordinates": [ -73.93053996, 40.808281969438355 ] } },
{ "type": "Feature", "properties": { "cannabis_store_name": "JFK Cannabis", "cannabis_start_date": "2025-12-18 21:28:50+00:00", "address": "175-01 149th Avenue", "neighborhood": "Springfield Gardens", "lat": 40.65816466992564, "lon": -73.77038822, "previous_tenant_name": "Grab & Go Convenience", "previous_category": "Vapes, Cigars & Accessories", "previous_tenant_end": "2025-06-21 04:39:21+00:00" }, "geometry": { "type": "Point", "coordinates": [ -73.77038822, 40.65816466992564 ] } },
{ "type": "Feature", "properties": { "cannabis_store_name": "The Alchemy", "cannabis_start_date": "2026-04-27 21:11:27+00:00", "address": "12 West 18th Street", "neighborhood": "Flatiron", "lat": 40.738932046662029, "lon": -73.99301087000001, "previous_tenant_name": "Tino's Artisan Pizza Co.", "previous_category": "Restaurant", "previous_tenant_end": "2025-05-18 04:10:45+00:00" }, "geometry": { "type": "Point", "coordinates": [ -73.99301087, 40.738932046662029 ] } },
{ "type": "Feature", "properties": { "cannabis_store_name": "The Vault Cannabis", "cannabis_start_date": "2026-03-06 21:35:24+00:00", "address": "1151 Hylan Boulevard", "neighborhood": "Grasmere", "lat": 40.598818026823629, "lon": -74.08124107, "previous_tenant_name": "Chase Bank", "previous_category": "Banks & Atms", "previous_tenant_end": "2023-09-26 09:52:44+00:00" }, "geometry": { "type": "Point", "coordinates": [ -74.08124107, 40.598818026823629 ] } },
{ "type": "Feature", "properties": { "cannabis_store_name": "Happy Times Cannabis Co", "cannabis_start_date": "2026-07-03 14:52:07+00:00", "address": "1399 Hylan Boulevard", "neighborhood": "Dongan Hills", "lat": 40.594598298970965, "lon": -74.08679833, "previous_tenant_name": "Asian Market", "previous_category": "Groceries & Convenience", "previous_tenant_end": "2026-07-03 14:52:07+00:00" }, "geometry": { "type": "Point", "coordinates": [ -74.08679833, 40.594598298970965 ] } },
{ "type": "Feature", "properties": { "cannabis_store_name": "The Weed Shoppe", "cannabis_start_date": "2024-07-22 18:43:45+00:00", "address": "4906 Arthur Kill Road", "neighborhood": "Richmond Valley", "lat": 40.522429915008672, "lon": -74.23863489, "previous_tenant_name": "Staten Island Physical Therapy", "previous_category": "Healthcare", "previous_tenant_end": "2023-05-16 17:42:24+00:00" }, "geometry": { "type": "Point", "coordinates": [ -74.23863489, 40.522429915008672 ] } },
{ "type": "Feature", "properties": { "cannabis_store_name": "Clouditude Dispensary", "cannabis_start_date": "2025-03-26 16:23:28+00:00", "address": "4034 Hylan Boulevard", "neighborhood": "Great Kills", "lat": 40.541149252443233, "lon": -74.14677295, "previous_tenant_name": "South Side Hardware Co. Inc.", "previous_category": "Hardware & Home Improvement", "previous_tenant_end": "2024-03-14 14:42:36+00:00" }, "geometry": { "type": "Point", "coordinates": [ -74.14677295, 40.541149252443233 ] } },
{ "type": "Feature", "properties": { "cannabis_store_name": "Gaslight Dispensary", "cannabis_start_date": "2026-02-27 04:20:16+00:00", "address": "465 Forest Avenue", "neighborhood": "West Brighton", "lat": 40.630914722045475, "lon": -74.10501898, "previous_tenant_name": "Cards & Gifts", "previous_category": "Cards & Stationery", "previous_tenant_end": "2026-02-27 04:20:16+00:00" }, "geometry": { "type": "Point", "coordinates": [ -74.10501898, 40.630914722045475 ] } },
{ "type": "Feature", "properties": { "cannabis_store_name": "Flynn Stoned", "cannabis_start_date": "2025-11-20 17:27:57+00:00", "address": "755 Forest Avenue", "neighborhood": "West Brighton", "lat": 40.629262372106894, "lon": -74.11433674, "previous_tenant_name": "Victory State Bank", "previous_category": "Banks & Atms", "previous_tenant_end": "2023-06-22 02:02:01+00:00" }, "geometry": { "type": "Point", "coordinates": [ -74.11433674, 40.629262372106894 ] } },
{ "type": "Feature", "properties": { "cannabis_store_name": "Gotham", "cannabis_start_date": "2023-07-28 16:45:23+00:00", "address": "3 East 3rd Street", "neighborhood": "East Village", "lat": 40.726283358492594, "lon": -73.99129768, "previous_tenant_name": "No previous owner history", "previous_category": null, "previous_tenant_end": null }, "geometry": { "type": "Point", "coordinates": [ -73.99129768, 40.726283358492594 ] } },
{ "type": "Feature", "properties": { "cannabis_store_name": "My Bud 420", "cannabis_start_date": "2025-09-12 17:31:52+00:00", "address": "1794 East Tremont Avenue", "neighborhood": "Parkchester", "lat": 40.840037320538869, "lon": -73.86773837, "previous_tenant_name": "1794 East Tremont Ave Poultry", "previous_category": "Groceries & Convenience", "previous_tenant_end": "2025-09-12 17:31:52+00:00" }, "geometry": { "type": "Point", "coordinates": [ -73.86773837, 40.840037320538869 ] } },
{ "type": "Feature", "properties": { "cannabis_store_name": "Victory Dispensary", "cannabis_start_date": "2026-07-03 14:51:06+00:00", "address": "3653 East Tremont Avenue", "neighborhood": "Throgs Neck", "lat": 40.828106860095545, "lon": -73.82358912, "previous_tenant_name": "Devine Touch Spa", "previous_category": "Barber Shops & Hair Salons", "previous_tenant_end": "2024-12-05 06:53:48+00:00" }, "geometry": { "type": "Point", "coordinates": [ -73.82358912, 40.828106860095545 ] } },
{ "type": "Feature", "properties": { "cannabis_store_name": "Saint Cannabis", "cannabis_start_date": "2026-02-18 16:54:11+00:00", "address": "34-21 Greenpoint Avenue", "neighborhood": "Sunnyside", "lat": 40.73685168199367, "lon": -73.93216239, "previous_tenant_name": "Hanawoodworking", "previous_category": "Business, Commercial & Professional Services", "previous_tenant_end": "2026-02-18 16:54:11+00:00" }, "geometry": { "type": "Point", "coordinates": [ -73.93216239, 40.73685168199367 ] } },
{ "type": "Feature", "properties": { "cannabis_store_name": "Flower Shak", "cannabis_start_date": "2025-12-05 18:50:18+00:00", "address": "114-13 Rockaway Beach Boulevard", "neighborhood": "Rockaway Park", "lat": 40.580049297478439, "lon": -73.83609367, "previous_tenant_name": "ANG Carpet & Flooring", "previous_category": "Furniture & Home Goods", "previous_tenant_end": "2025-06-19 04:06:10+00:00" }, "geometry": { "type": "Point", "coordinates": [ -73.83609367, 40.580049297478439 ] } },
{ "type": "Feature", "properties": { "cannabis_store_name": "Munchies Dispensary NY", "cannabis_start_date": "2024-12-24 06:18:29+00:00", "address": "87-01 Rockaway Beach Boulevard", "neighborhood": "Hammels", "lat": 40.586985756569163, "lon": -73.81211507, "previous_tenant_name": "Aaron‚Äôs", "previous_category": "Furniture & Home Goods", "previous_tenant_end": "2023-09-28 10:16:02+00:00" }, "geometry": { "type": "Point", "coordinates": [ -73.81211507, 40.586985756569163 ] } },
{ "type": "Feature", "properties": { "cannabis_store_name": "Gaea's Garden", "cannabis_start_date": "2025-04-01 17:08:39+00:00", "address": "134-24 Northern Boulevard", "neighborhood": "Flushing", "lat": 40.76249888, "lon": -73.83376305, "previous_tenant_name": "Enigma Escape Games", "previous_category": "Fun & Games", "previous_tenant_end": "2023-09-24 08:37:14+00:00" }, "geometry": { "type": "Point", "coordinates": [ -73.83376305, 40.76249888 ] } },
{ "type": "Feature", "properties": { "cannabis_store_name": "Aroma Farms", "cannabis_start_date": "2025-03-26 17:04:01+00:00", "address": "209-15 Northern Boulevard", "neighborhood": "Bayside", "lat": 40.759247448636131, "lon": -73.77407145, "previous_tenant_name": "Heifers", "previous_category": "Recycling Center", "previous_tenant_end": "2024-10-11 02:15:04+00:00" }, "geometry": { "type": "Point", "coordinates": [ -73.77407145, 40.759247448636131 ] } },
{ "type": "Feature", "properties": { "cannabis_store_name": "Ignyte", "cannabis_start_date": "2025-09-04 20:02:30+00:00", "address": "145-18 14th Avenue", "neighborhood": "Whitestone", "lat": 40.786887165571471, "lon": -73.82169496, "previous_tenant_name": "NYC Print & Design, LLC.", "previous_category": "Printing, Shipping & Postal", "previous_tenant_end": "2023-09-23 09:57:42+00:00" }, "geometry": { "type": "Point", "coordinates": [ -73.82169496, 40.786887165571471 ] } },
{ "type": "Feature", "properties": { "cannabis_store_name": "Bayside Cannabis Dispensary", "cannabis_start_date": "2025-01-08 19:37:26+00:00", "address": "224-15 Union Turnpike", "neighborhood": "Oakland Gardens", "lat": 40.736075191325085, "lon": -73.7462364, "previous_tenant_name": "European Image", "previous_category": "Tanning Salon", "previous_tenant_end": "2023-10-04 12:09:04+00:00" }, "geometry": { "type": "Point", "coordinates": [ -73.7462364, 40.736075191325085 ] } },
{ "type": "Feature", "properties": { "cannabis_store_name": "Green Flower Wellness", "cannabis_start_date": "2025-04-01 17:09:34+00:00", "address": "214-24 73rd Avenue", "neighborhood": "Oakland Gardens", "lat": 40.740389209974808, "lon": -73.75914731, "previous_tenant_name": "Card & Gifts", "previous_category": "Groceries & Convenience", "previous_tenant_end": "2025-04-01 17:09:34+00:00" }, "geometry": { "type": "Point", "coordinates": [ -73.75914731, 40.740389209974808 ] } },
{ "type": "Feature", "properties": { "cannabis_store_name": "Just A Little Higher", "cannabis_start_date": "2026-06-17 16:03:42+00:00", "address": "146-01 Union Turnpike", "neighborhood": "Kew Garden Hills", "lat": 40.718139413268744, "lon": -73.81609801, "previous_tenant_name": "Unoccupied", "previous_category": null, "previous_tenant_end": null }, "geometry": { "type": "Point", "coordinates": [ -73.81609801, 40.718139413268744 ] } },
{ "type": "Feature", "properties": { "cannabis_store_name": "Vaporize Cannabis Dispensary", "cannabis_start_date": "2025-05-16 17:08:18+00:00", "address": "124-20 Liberty Avenue", "neighborhood": "South Richmond Hill", "lat": 40.687963343310372, "lon": -73.81939579, "previous_tenant_name": "Potions Cocktail Bar", "previous_category": "Bar", "previous_tenant_end": "2025-05-16 17:08:18+00:00" }, "geometry": { "type": "Point", "coordinates": [ -73.81939579, 40.687963343310372 ] } },
{ "type": "Feature", "properties": { "cannabis_store_name": "Good Grades Cannabis Dispensary", "cannabis_start_date": "2023-06-22 06:10:58+00:00", "address": "162-03 Jamaica Avenue", "neighborhood": "Jamaica", "lat": 40.704536996751415, "lon": -73.79751308, "previous_tenant_name": "BSW Beauty", "previous_category": "Beauty Product Store", "previous_tenant_end": "2023-06-22 06:10:58+00:00" }, "geometry": { "type": "Point", "coordinates": [ -73.79751308, 40.704536996751415 ] } },
{ "type": "Feature", "properties": { "cannabis_store_name": "Bleu Leaf Dispensary", "cannabis_start_date": "2025-01-08 19:31:11+00:00", "address": "2034 Jerome Avenue", "neighborhood": "Tremont", "lat": 40.853348666821773, "lon": -73.90757567, "previous_tenant_name": "Jean Star", "previous_category": "Clothing Store", "previous_tenant_end": "2025-01-08 19:31:11+00:00" }, "geometry": { "type": "Point", "coordinates": [ -73.90757567, 40.853348666821773 ] } },
{ "type": "Feature", "properties": { "cannabis_store_name": "The Flowery", "cannabis_start_date": "2025-11-13 19:40:14+00:00", "address": "3551 Boston Road", "neighborhood": "Williamsbridge", "lat": 40.878204986773824, "lon": -73.84470047000001, "previous_tenant_name": "Supreme Automotive Inc.", "previous_category": "Auto Dealers, Repair & Care", "previous_tenant_end": "2023-08-17 09:35:11+00:00" }, "geometry": { "type": "Point", "coordinates": [ -73.84470047, 40.878204986773824 ] } },
{ "type": "Feature", "properties": { "cannabis_store_name": "A&P Dispensary", "cannabis_start_date": "2026-03-06 21:36:01+00:00", "address": "81-37 Lefferts Blvd", "neighborhood": "Kew Gardens", "lat": 40.708534014199643, "lon": -73.83057476, "previous_tenant_name": "Aquarelle Salon Spa", "previous_category": "Barber Shops & Hair Salons", "previous_tenant_end": "2023-12-09 11:07:03+00:00" }, "geometry": { "type": "Point", "coordinates": [ -73.83057476, 40.708534014199643 ] } },
{ "type": "Feature", "properties": { "cannabis_store_name": "High Road", "cannabis_start_date": "2026-03-19 20:12:05+00:00", "address": "185-24 Horace Harding Expressway", "neighborhood": "Utopia", "lat": 40.740010665172406, "lon": -73.7884389, "previous_tenant_name": "Sunshine Cafe", "previous_category": "Restaurant", "previous_tenant_end": "2025-09-04 01:50:07+00:00" }, "geometry": { "type": "Point", "coordinates": [ -73.7884389, 40.740010665172406 ] } },
{ "type": "Feature", "properties": { "cannabis_store_name": "Silk Road Nyc", "cannabis_start_date": "2024-02-26 16:55:31+00:00", "address": "166-30 Jamaica Avenue", "neighborhood": "Jamaica", "lat": 40.706088759125095, "lon": -73.79296304, "previous_tenant_name": "McDonald's", "previous_category": "Restaurant", "previous_tenant_end": "2023-06-24 19:12:39+00:00" }, "geometry": { "type": "Point", "coordinates": [ -73.79296304, 40.706088759125095 ] } },
{ "type": "Feature", "properties": { "cannabis_store_name": "Sparkboro", "cannabis_start_date": "2024-10-18 17:37:00+00:00", "address": "704 West 177th Street", "neighborhood": "Hudson Heights", "lat": 40.847524792535332, "lon": -73.93839394, "previous_tenant_name": "Poci√≥n Lounge", "previous_category": "Restaurant", "previous_tenant_end": "2023-03-23 02:36:42+00:00" }, "geometry": { "type": "Point", "coordinates": [ -73.93839394, 40.847524792535332 ] } },
{ "type": "Feature", "properties": { "cannabis_store_name": "Bud City Cannabis", "cannabis_start_date": "2025-09-12 17:01:44+00:00", "address": "3343 Fulton Street", "neighborhood": "East New York", "lat": 40.683711633102405, "lon": -73.8723381, "previous_tenant_name": "Mellor‚Äôs Drug Store", "previous_category": "Pharmacy", "previous_tenant_end": "2024-11-10 02:32:35+00:00" }, "geometry": { "type": "Point", "coordinates": [ -73.8723381, 40.683711633102405 ] } },
{ "type": "Feature", "properties": { "cannabis_store_name": "Hibernica", "cannabis_start_date": "2024-08-02 14:26:52+00:00", "address": "3220 Westchester Avenue", "neighborhood": "Pelham Bay", "lat": 40.851809517008434, "lon": -73.82881769, "previous_tenant_name": "7-Eleven", "previous_category": "Groceries & Convenience", "previous_tenant_end": "2023-06-07 02:59:38+00:00" }, "geometry": { "type": "Point", "coordinates": [ -73.82881769, 40.851809517008434 ] } },
{ "type": "Feature", "properties": { "cannabis_store_name": "Oz Cannabis Dispensary", "cannabis_start_date": "2025-12-05 18:49:54+00:00", "address": "956 Jewett Avenue", "neighborhood": "Westerleigh", "lat": 40.612742628743177, "lon": -74.1311081, "previous_tenant_name": "GTS Island Auto Parts", "previous_category": "Auto Dealers, Repair & Care", "previous_tenant_end": "2025-03-20 04:57:56+00:00" }, "geometry": { "type": "Point", "coordinates": [ -74.1311081, 40.612742628743177 ] } },
{ "type": "Feature", "properties": { "cannabis_store_name": "Guardian Wellness", "cannabis_start_date": "2026-02-17 21:27:55+00:00", "address": "2500 Arthur Avenue", "neighborhood": "Belmont", "lat": 40.857975247933126, "lon": -73.88533795, "previous_tenant_name": "Guardian Vape Shop", "previous_category": "Vapes, Cigars & Accessories", "previous_tenant_end": "2025-01-07 21:22:11+00:00" }, "geometry": { "type": "Point", "coordinates": [ -73.88533795, 40.857975247933126 ] } },
{ "type": "Feature", "properties": { "cannabis_store_name": "ZenZest Cannabis Dispensary", "cannabis_start_date": "2025-12-05 18:49:07+00:00", "address": "272-06 Union Turnpike", "neighborhood": "New Hyde Park", "lat": 40.752176666519432, "lon": -73.70183606000001, "previous_tenant_name": "Citibank", "previous_category": "Banks & Atms", "previous_tenant_end": "2024-07-18 05:04:16+00:00" }, "geometry": { "type": "Point", "coordinates": [ -73.70183606, 40.752176666519432 ] } },
{ "type": "Feature", "properties": { "cannabis_store_name": "ESH", "cannabis_start_date": "2026-06-16 16:23:47+00:00", "address": "245-02 Merrick Boulevard", "neighborhood": "Rosedale", "lat": 40.673899870598746, "lon": -73.7279588, "previous_tenant_name": "Unoccupied", "previous_category": null, "previous_tenant_end": null }, "geometry": { "type": "Point", "coordinates": [ -73.7279588, 40.673899870598746 ] } },
{ "type": "Feature", "properties": { "cannabis_store_name": "Sage Seeds", "cannabis_start_date": "2026-03-19 20:11:40+00:00", "address": "248-13 Union Turnpike", "neighborhood": "Glen Oaks Village", "lat": 40.742670210326509, "lon": -73.72169175000001, "previous_tenant_name": "Bellerose RX Inc.", "previous_category": "Pharmacy", "previous_tenant_end": "2023-06-24 18:42:17+00:00" }, "geometry": { "type": "Point", "coordinates": [ -73.72169175, 40.742670210326509 ] } },
{ "type": "Feature", "properties": { "cannabis_store_name": "House of Strains", "cannabis_start_date": "2024-08-02 17:03:45+00:00", "address": "161-05 29th Avenue", "neighborhood": "Whitestone", "lat": 40.771309728219336, "lon": -73.80313797, "previous_tenant_name": "Pippy & Lily", "previous_category": "Bags, Leather & Accessories", "previous_tenant_end": "2023-09-26 11:43:20+00:00" }, "geometry": { "type": "Point", "coordinates": [ -73.80313797, 40.771309728219336 ] } },
{ "type": "Feature", "properties": { "cannabis_store_name": "ESH Cannabis Dispensary", "cannabis_start_date": "2025-12-05 18:49:01+00:00", "address": "90-67 Sutphin Boulevard", "neighborhood": "Jamaica", "lat": 40.701214601262819, "lon": -73.80769278, "previous_tenant_name": "McDonald's", "previous_category": "Restaurant", "previous_tenant_end": "2023-06-16 04:42:33+00:00" }, "geometry": { "type": "Point", "coordinates": [ -73.80769278, 40.701214601262819 ] } },
{ "type": "Feature", "properties": { "cannabis_store_name": "Hush", "cannabis_start_date": "2023-09-30 04:26:24+00:00", "address": "2460 Williamsbridge Road", "neighborhood": "Bronxwood", "lat": 40.862350107217509, "lon": -73.85758049, "previous_tenant_name": "Alba Bar Cafe", "previous_category": "Bar", "previous_tenant_end": "2018-12-17 18:57:38+00:00" }, "geometry": { "type": "Point", "coordinates": [ -73.85758049, 40.862350107217509 ] } },
{ "type": "Feature", "properties": { "cannabis_store_name": "Green Flower Wellness", "cannabis_start_date": "2026-06-17 16:03:30+00:00", "address": "85-08 Pitkin Avenue", "neighborhood": "Ozone Park", "lat": 40.674900180092521, "lon": -73.85109295, "previous_tenant_name": "Party Affairs", "previous_category": "Event Spaces & Banquet Halls", "previous_tenant_end": "2026-06-17 16:03:30+00:00" }, "geometry": { "type": "Point", "coordinates": [ -73.85109295, 40.674900180092521 ] } },
{ "type": "Feature", "properties": { "cannabis_store_name": "Terp Bros", "cannabis_start_date": "2025-12-05 18:48:08+00:00", "address": "135-24 Cross Bay Boulevard", "neighborhood": "Ozone Park", "lat": 40.672692780517195, "lon": -73.84375567, "previous_tenant_name": "Handfield House", "previous_category": "Groceries & Convenience", "previous_tenant_end": "2025-12-05 18:48:08+00:00" }, "geometry": { "type": "Point", "coordinates": [ -73.84375567, 40.672692780517195 ] } },
{ "type": "Feature", "properties": { "cannabis_store_name": "Quality Control Dispensary", "cannabis_start_date": "2026-07-03 14:51:57+00:00", "address": "1172 Victory Boulevard", "neighborhood": "Sunnyside, SI", "lat": 40.616420570644351, "lon": -74.10320815, "previous_tenant_name": "Vape & Smoke Shop", "previous_category": "Vapes, Cigars & Accessories", "previous_tenant_end": "2026-07-03 14:51:57+00:00" }, "geometry": { "type": "Point", "coordinates": [ -74.10320815, 40.616420570644351 ] } },
{ "type": "Feature", "properties": { "cannabis_store_name": "Two Buds Dispensary", "cannabis_start_date": "2024-06-24 17:30:06+00:00", "address": "696 East 241st Street", "neighborhood": "Wakefield", "lat": 40.903400920918955, "lon": -73.85067811, "previous_tenant_name": "Boost Mobile", "previous_category": "Electronics & Mobile Phones", "previous_tenant_end": "2020-03-02 20:55:30+00:00" }, "geometry": { "type": "Point", "coordinates": [ -73.85067811, 40.903400920918955 ] } },
{ "type": "Feature", "properties": { "cannabis_store_name": "High Stone Dispensary", "cannabis_start_date": "2024-10-11 16:57:56+00:00", "address": "1938 Clove Road", "neighborhood": "Emerson Hill", "lat": 40.606002114280187, "lon": -74.08676933, "previous_tenant_name": "TRI Lounge & Cafe", "previous_category": "Restaurant", "previous_tenant_end": "2023-09-26 09:53:36+00:00" }, "geometry": { "type": "Point", "coordinates": [ -74.08676933, 40.606002114280187 ] } },
{ "type": "Feature", "properties": { "cannabis_store_name": "The Flowery", "cannabis_start_date": "2025-06-17 05:02:51+00:00", "address": "2059 Richmond Avenue", "neighborhood": "Willowbrook", "lat": 40.597471598584633, "lon": -74.16198693, "previous_tenant_name": "State Farm", "previous_category": "Business, Commercial & Professional Services", "previous_tenant_end": "2024-07-22 22:15:00+00:00" }, "geometry": { "type": "Point", "coordinates": [ -74.16198693, 40.597471598584633 ] } },
{ "type": "Feature", "properties": { "cannabis_store_name": "The Flowery", "cannabis_start_date": "2023-10-23 06:15:34+00:00", "address": "3022 Veterans Road West", "neighborhood": "Charleston", "lat": 40.528305420722909, "lon": -74.23593467000001, "previous_tenant_name": "Penske", "previous_category": "Transportation", "previous_tenant_end": "2023-10-23 06:15:34+00:00" }, "geometry": { "type": "Point", "coordinates": [ -74.23593467, 40.528305420722909 ] } },
{ "type": "Feature", "properties": { "cannabis_store_name": "A Cannaful Life", "cannabis_start_date": "2025-12-13 19:50:54+00:00", "address": "1547 Arthur Kill Road", "neighborhood": "Arden Heights", "lat": 40.564139651381481, "lon": -74.19179899, "previous_tenant_name": "Rookies Sports Bar & Grill", "previous_category": "Bar", "previous_tenant_end": "2023-10-16 07:08:58+00:00" }, "geometry": { "type": "Point", "coordinates": [ -74.19179899, 40.564139651381481 ] } },
{ "type": "Feature", "properties": { "cannabis_store_name": "Be.", "cannabis_start_date": "2023-06-21 06:51:33+00:00", "address": "206 Flatbush Avenue", "neighborhood": "Park Slope", "lat": 40.681342372269086, "lon": -73.97568863, "previous_tenant_name": "Unoccupied", "previous_category": null, "previous_tenant_end": null }, "geometry": { "type": "Point", "coordinates": [ -73.97568863, 40.681342372269086 ] } },
{ "type": "Feature", "properties": { "cannabis_store_name": "The Unit - Cannabis Dispensary", "cannabis_start_date": "2026-06-17 16:04:06+00:00", "address": "246-01 Jericho Turnpike", "neighborhood": "Bellerose", "lat": 40.725176451967315, "lon": -73.72201634, "previous_tenant_name": "The Halal Bros of NY", "previous_category": "Restaurant", "previous_tenant_end": "2023-06-24 18:36:27+00:00" }, "geometry": { "type": "Point", "coordinates": [ -73.72201634, 40.725176451967315 ] } },
{ "type": "Feature", "properties": { "cannabis_store_name": "New York City Cannabis Exchange", "cannabis_start_date": "2024-04-01 19:35:30+00:00", "address": "248-09 Jericho Turnpike", "neighborhood": "Bellerose", "lat": 40.726287934404496, "lon": -73.71789484, "previous_tenant_name": "Bellerose Smoke Shop", "previous_category": "Vapes, Cigars & Accessories", "previous_tenant_end": "2023-10-09 10:57:35+00:00" }, "geometry": { "type": "Point", "coordinates": [ -73.71789484, 40.726287934404496 ] } },
{ "type": "Feature", "properties": { "cannabis_store_name": "CannaFamily Dispensary", "cannabis_start_date": "2025-08-28 05:48:27+00:00", "address": "102-15 159th Road", "neighborhood": "Old Howard Beach", "lat": 40.659900039923656, "lon": -73.83076464, "previous_tenant_name": "Ostrorf Electrical Contractors INC.", "previous_category": "Business, Commercial & Professional Services", "previous_tenant_end": "2025-08-28 05:48:27+00:00" }, "geometry": { "type": "Point", "coordinates": [ -73.83076464, 40.659900039923656 ] } },
{ "type": "Feature", "properties": { "cannabis_store_name": "Terminal 4/20", "cannabis_start_date": "2026-03-02 15:51:11+00:00", "address": "247-12 South Conduit Avenue", "neighborhood": "Rosedale", "lat": 40.665255907476535, "lon": -73.73068609000001, "previous_tenant_name": "Pay-O-Matic", "previous_category": "Financial Services Center", "previous_tenant_end": "2025-06-21 04:42:42+00:00" }, "geometry": { "type": "Point", "coordinates": [ -73.73068609, 40.665255907476535 ] } },
{ "type": "Feature", "properties": { "cannabis_store_name": "Stash Box", "cannabis_start_date": "2026-03-04 20:42:57+00:00", "address": "230-04 South Conduit Avenue", "neighborhood": "Brookville", "lat": 40.665367522403642, "lon": -73.74717939, "previous_tenant_name": "New Convenant Assembly Of God", "previous_category": "Religious Center", "previous_tenant_end": "2025-06-21 01:35:38+00:00" }, "geometry": { "type": "Point", "coordinates": [ -73.74717939, 40.665367522403642 ] } },
{ "type": "Feature", "properties": { "cannabis_store_name": "Green Flower Wellness", "cannabis_start_date": "2025-04-01 17:09:41+00:00", "address": "270-01 Hillside Avenue", "neighborhood": "New Hyde Park", "lat": 40.739238732742052, "lon": -73.70049195, "previous_tenant_name": "Singh & Shah Income Tax & Business Services", "previous_category": "Business, Commercial & Professional Services", "previous_tenant_end": "2025-04-01 17:09:41+00:00" }, "geometry": { "type": "Point", "coordinates": [ -73.70049195, 40.739238732742052 ] } },
{ "type": "Feature", "properties": { "cannabis_store_name": "Trends LIC", "cannabis_start_date": "2024-04-26 19:10:51+00:00", "address": "27-25 44th Drive", "neighborhood": "Hunters Point", "lat": 40.74646480982662, "lon": -73.94172143, "previous_tenant_name": "Unoccupied", "previous_category": null, "previous_tenant_end": null }, "geometry": { "type": "Point", "coordinates": [ -73.94172143, 40.74646480982662 ] } },
{ "type": "Feature", "properties": { "cannabis_store_name": "Bedford Club", "cannabis_start_date": "2024-08-02 15:05:11+00:00", "address": "1102 Bedford Avenue", "neighborhood": "Bedford-Stuyvesant", "lat": 40.68698299029063, "lon": -73.95477939, "previous_tenant_name": "King Of The Sea", "previous_category": "Restaurant", "previous_tenant_end": "2024-05-01 04:40:59+00:00" }, "geometry": { "type": "Point", "coordinates": [ -73.95477939, 40.68698299029063 ] } },
{ "type": "Feature", "properties": { "cannabis_store_name": "Renaissant", "cannabis_start_date": "2025-06-17 05:02:15+00:00", "address": "40-07 Queens Boulevard", "neighborhood": "Sunnyside", "lat": 40.744043281159229, "lon": -73.92388822, "previous_tenant_name": "Merit Group & Associates", "previous_category": "Business, Commercial & Professional Services", "previous_tenant_end": "2024-11-26 05:18:28+00:00" }, "geometry": { "type": "Point", "coordinates": [ -73.92388822, 40.744043281159229 ] } },
{ "type": "Feature", "properties": { "cannabis_store_name": "Milligrams", "cannabis_start_date": "2026-02-18 16:56:12+00:00", "address": "58 Greenpoint Avenue", "neighborhood": "Greenpoint", "lat": 40.729663387448824, "lon": -73.95869084, "previous_tenant_name": "Serenity", "previous_category": "Vapes, Cigars & Accessories", "previous_tenant_end": "2025-08-05 02:58:11+00:00" }, "geometry": { "type": "Point", "coordinates": [ -73.95869084, 40.729663387448824 ] } },
{ "type": "Feature", "properties": { "cannabis_store_name": "Caldwell Cannabis Co.", "cannabis_start_date": "2026-06-17 16:02:39+00:00", "address": "229 Beach 20th Street", "neighborhood": "Far Rockaway", "lat": 40.596258910757655, "lon": -73.75434056, "previous_tenant_name": "Sincere Home Care", "previous_category": "Business, Commercial & Professional Services", "previous_tenant_end": "2026-06-17 16:02:39+00:00" }, "geometry": { "type": "Point", "coordinates": [ -73.75434056, 40.596258910757655 ] } },
{ "type": "Feature", "properties": { "cannabis_store_name": "Cannabis Realm", "cannabis_start_date": "2026-05-29 18:22:21+00:00", "address": "172-02 Hillside Ave", "neighborhood": "Jamaica", "lat": 40.711575142189837, "lon": -73.78998551, "previous_tenant_name": "No previous owner history", "previous_category": null, "previous_tenant_end": null }, "geometry": { "type": "Point", "coordinates": [ -73.78998551, 40.711575142189837 ] } },
{ "type": "Feature", "properties": { "cannabis_store_name": "7 Leaf Clover", "cannabis_start_date": "2026-05-01 16:01:40+00:00", "address": "132 Metropolitan Ave", "neighborhood": "South Williamsburg", "lat": 40.716181460455829, "lon": -73.96261588, "previous_tenant_name": "Unoccupied", "previous_category": null, "previous_tenant_end": null }, "geometry": { "type": "Point", "coordinates": [ -73.96261588, 40.716181460455829 ] } },
{ "type": "Feature", "properties": { "cannabis_store_name": "Flower Daddy", "cannabis_start_date": "2026-01-15 19:52:14+00:00", "address": "539 Metropolitan Avenue", "neighborhood": "East Williamsburg", "lat": 40.714171580559224, "lon": -73.95090241, "previous_tenant_name": "The Glass Shop", "previous_category": "Vapes, Cigars & Accessories", "previous_tenant_end": "2025-11-23 23:42:55+00:00" }, "geometry": { "type": "Point", "coordinates": [ -73.95090241, 40.714171580559224 ] } },
{ "type": "Feature", "properties": { "cannabis_store_name": "Gotham", "cannabis_start_date": "2025-07-18 15:33:42+00:00", "address": "146 10th Ave", "neighborhood": "Chelsea", "lat": 40.745260482164781, "lon": -74.00572778, "previous_tenant_name": "Unoccupied", "previous_category": null, "previous_tenant_end": null }, "geometry": { "type": "Point", "coordinates": [ -74.00572778, 40.745260482164781 ] } },
{ "type": "Feature", "properties": { "cannabis_store_name": "The THC Shop", "cannabis_start_date": "2025-03-30 02:04:53+00:00", "address": "144-07 243rd Street", "neighborhood": "Rosedale", "lat": 40.66003987134161, "lon": -73.73941658, "previous_tenant_name": "Metro By T-Mobile", "previous_category": "Electronics & Mobile Phones", "previous_tenant_end": "2024-09-30 02:03:10+00:00" }, "geometry": { "type": "Point", "coordinates": [ -73.73941658, 40.66003987134161 ] } },
{ "type": "Feature", "properties": { "cannabis_store_name": "Hii NYC", "cannabis_start_date": "2026-06-17 16:00:42+00:00", "address": "9206 3rd Avenue", "neighborhood": "Bay Ridge", "lat": 40.619147965915744, "lon": -74.03297891, "previous_tenant_name": "Street Sounds", "previous_category": "Musical Instrument Store", "previous_tenant_end": "2024-11-05 03:14:19+00:00" }, "geometry": { "type": "Point", "coordinates": [ -74.03297891, 40.619147965915744 ] } },
{ "type": "Feature", "properties": { "cannabis_store_name": "Soho Greenhouse", "cannabis_start_date": "2024-04-27 15:06:40+00:00", "address": "9 Delancy Street", "neighborhood": "Lower East Side", "lat": 40.719914945211144, "lon": -73.99346581, "previous_tenant_name": "No previous owner history", "previous_category": null, "previous_tenant_end": null }, "geometry": { "type": "Point", "coordinates": [ -73.99346581, 40.719914945211144 ] } },
{ "type": "Feature", "properties": { "cannabis_store_name": "Puro Vita", "cannabis_start_date": "2025-01-23 17:47:51+00:00", "address": "288 Flushing Avenue", "neighborhood": "Clinton Hill", "lat": 40.697702677317864, "lon": -73.964263, "previous_tenant_name": "No previous owner history", "previous_category": null, "previous_tenant_end": null }, "geometry": { "type": "Point", "coordinates": [ -73.964263, 40.697702677317864 ] } },
{ "type": "Feature", "properties": { "cannabis_store_name": "Nicklz", "cannabis_start_date": "2024-08-02 16:23:43+00:00", "address": "797 8th Avenue", "neighborhood": "Times Square", "lat": 40.761328337627106, "lon": -73.98700938, "previous_tenant_name": "No previous owner history", "previous_category": null, "previous_tenant_end": null }, "geometry": { "type": "Point", "coordinates": [ -73.98700938, 40.761328337627106 ] } },
{ "type": "Feature", "properties": { "cannabis_store_name": "Gotham", "cannabis_start_date": "2024-12-03 18:28:32+00:00", "address": "296 Kent Avenue", "neighborhood": "South Williamsburg", "lat": 40.714423973038834, "lon": -73.96702784, "previous_tenant_name": "No previous owner history", "previous_category": null, "previous_tenant_end": null }, "geometry": { "type": "Point", "coordinates": [ -73.96702784, 40.714423973038834 ] } },
{ "type": "Feature", "properties": { "cannabis_store_name": "Dagmar Cannabis", "cannabis_start_date": "2026-01-24 18:28:16+00:00", "address": "61 North 11th Street", "neighborhood": "North Williamsburg", "lat": 40.722094918558184, "lon": -73.95846838, "previous_tenant_name": "Unoccupied", "previous_category": null, "previous_tenant_end": null }, "geometry": { "type": "Point", "coordinates": [ -73.95846838, 40.722094918558184 ] } },
{ "type": "Feature", "properties": { "cannabis_store_name": "Bronx Joint", "cannabis_start_date": "2024-12-13 19:58:48+00:00", "address": "925 Hunts Point Avenue", "neighborhood": "Woodstock", "lat": 40.82046572532559, "lon": -73.89132937, "previous_tenant_name": "No previous owner history", "previous_category": null, "previous_tenant_end": null }, "geometry": { "type": "Point", "coordinates": [ -73.89132937, 40.82046572532559 ] } },
{ "type": "Feature", "properties": { "cannabis_store_name": "RNR", "cannabis_start_date": "2025-04-24 23:49:06+00:00", "address": "287 Harrison Place", "neighborhood": "East Williamsburg-Bushwick", "lat": 40.70765671321746, "lon": -73.92437603, "previous_tenant_name": "No previous owner history", "previous_category": null, "previous_tenant_end": null }, "geometry": { "type": "Point", "coordinates": [ -73.92437603, 40.70765671321746 ] } },
{ "type": "Feature", "properties": { "cannabis_store_name": "Dispo", "cannabis_start_date": "2025-04-28 18:58:27+00:00", "address": "584 4th Avenue", "neighborhood": "Gowanus", "lat": 40.665719803979869, "lon": -73.99283905, "previous_tenant_name": "No previous owner history", "previous_category": null, "previous_tenant_end": null }, "geometry": { "type": "Point", "coordinates": [ -73.99283905, 40.665719803979869 ] } },
{ "type": "Feature", "properties": { "cannabis_store_name": "Sky High Club", "cannabis_start_date": "2025-05-20 16:11:26+00:00", "address": "129 Avenue C", "neighborhood": "East Village", "lat": 40.724882861366353, "lon": -73.97843803000001, "previous_tenant_name": "No previous owner history", "previous_category": null, "previous_tenant_end": null }, "geometry": { "type": "Point", "coordinates": [ -73.97843803, 40.724882861366353 ] } },
{ "type": "Feature", "properties": { "cannabis_store_name": "Ignyte - Legal Cannabis Dispensary", "cannabis_start_date": "2025-07-11 20:21:57+00:00", "address": "387 Van Brunt Street", "neighborhood": "Red Hook", "lat": 40.676032420697567, "lon": -74.01427307, "previous_tenant_name": "No previous owner history", "previous_category": null, "previous_tenant_end": null }, "geometry": { "type": "Point", "coordinates": [ -74.01427307, 40.676032420697567 ] } },
{ "type": "Feature", "properties": { "cannabis_store_name": "Seaweed", "cannabis_start_date": "2026-03-06 15:55:45+00:00", "address": "73-05 Beach Channel Drive", "neighborhood": "Hammels", "lat": 40.590657908516391, "lon": -73.80164777, "previous_tenant_name": "No previous owner history", "previous_category": null, "previous_tenant_end": null }, "geometry": { "type": "Point", "coordinates": [ -73.80164777, 40.590657908516391 ] } },
{ "type": "Feature", "properties": { "cannabis_store_name": "Green Apple Cannabis Dispensary", "cannabis_start_date": "2025-10-15 18:40:29+00:00", "address": "572 Manhattan Ave", "neighborhood": "Greenpoint", "lat": 40.722581962597928, "lon": -73.94999607, "previous_tenant_name": "No previous owner history", "previous_category": null, "previous_tenant_end": null }, "geometry": { "type": "Point", "coordinates": [ -73.94999607, 40.722581962597928 ] } },
{ "type": "Feature", "properties": { "cannabis_store_name": "Brooklyn Organic Buds", "cannabis_start_date": "2025-12-22 19:01:44+00:00", "address": "623 Bergen Street", "neighborhood": "Prospect Heights", "lat": 40.679703084135781, "lon": -73.96909744, "previous_tenant_name": "No previous owner history", "previous_category": null, "previous_tenant_end": null }, "geometry": { "type": "Point", "coordinates": [ -73.96909744, 40.679703084135781 ] } },
{ "type": "Feature", "properties": { "cannabis_store_name": "Rustik Smokes", "cannabis_start_date": "2026-04-30 14:43:14+00:00", "address": "469 Dekalb Avenue", "neighborhood": "Bedford-Stuyvesant", "lat": 40.690662384325094, "lon": -73.95837541, "previous_tenant_name": "No previous owner history", "previous_category": null, "previous_tenant_end": null }, "geometry": { "type": "Point", "coordinates": [ -73.95837541, 40.690662384325094 ] } }
]
}
